'Benešov';{'I': [6, 6, 7, 17, 17, 7, 10, 15, 17, 9], 'II': [273, 243, 250, 271, 272, 284, 257, 278, 262, 266], 'III': [1, 0, 1, 2, 2, 2, 0, 0, 1, 1], 'IV': [28, 29, 53, 36, 23, 21, 39, 21, 48, 34], 'V': [1, 3, 4, 4, 0, 1, 5, 7, 16, 11], 'VI': [12, 15, 10, 13, 5, 9, 28, 25, 30, 35], 'IX': [633, 564, 532, 545, 624, 557, 516, 520, 473, 450], 'X': [28, 33, 42, 37, 37, 58, 54, 54, 49, 56], 'XI': [42, 32, 41, 34, 33, 43, 37, 37, 34, 28], 'XII': [0, 0, 1, 0, 0, 0, 2, 1, 1, 1], 'XIII': [0, 0, 1, 0, 2, 0, 1, 3, 2, 3], 'XIV': [16, 15, 6, 11, 6, 9, 7, 9, 5, 11], 'XVI': [3, 0, 0, 2, 3, 0, 0, 2, 0, 1], 'XVII': [0, 0, 2, 1, 2, 1, 1, 3, 2, 2], 'XVIII': [5, 4, 10, 10, 8, 11, 11, 8, 5, 6], 'XX': [51, 38, 52, 59, 46, 52, 55, 46, 32, 48]}
'Beroun';{'I': [7, 6, 8, 13, 10, 9, 15, 8, 12, 16], 'II': [238, 234, 225, 234, 253, 218, 241, 226, 237, 213], 'III': [2, 0, 3, 1, 3, 0, 1, 0, 2, 3], 'IV': [23, 26, 54, 15, 25, 15, 31, 35, 54, 47], 'V': [4, 0, 1, 1, 3, 0, 13, 4, 7, 11], 'VI': [16, 11, 8, 6, 7, 4, 14, 29, 19, 17], 'IX': [435, 396, 368, 392, 434, 402, 422, 465, 424, 403], 'X': [32, 41, 29, 36, 30, 33, 32, 39, 52, 46], 'XI': [48, 27, 31, 29, 35, 34, 19, 32, 39, 35], 'XII': [0, 0, 1, 0, 0, 1, 0, 0, 0, 1], 'XIII': [0, 1, 0, 1, 0, 0, 0, 0, 2, 1], 'XIV': [29, 27, 6, 7, 6, 4, 6, 12, 15, 8], 'XVI': [3, 2, 2, 3, 4, 0, 1, 2, 0, 2], 'XVII': [1, 1, 0, 1, 0, 0, 3, 2, 1, 2], 'XVIII': [4, 3, 7, 18, 25, 33, 12, 12, 4, 6], 'XX': [45, 33, 42, 34, 41, 37, 35, 48, 46, 38]}
'Blansko';{'I': [3, 1, 3, 6, 10, 10, 11, 21, 19, 13], 'II': [250, 266, 224, 234, 225, 259, 219, 235, 253, 261], 'III': [1, 2, 1, 0, 3, 2, 1, 1, 2, 3], 'IV': [6, 9, 13, 6, 12, 20, 18, 14, 23, 23], 'V': [7, 4, 0, 2, 0, 2, 2, 4, 9, 6], 'VI': [12, 9, 1, 5, 2, 7, 14, 15, 19, 17], 'IX': [637, 626, 655, 623, 670, 626, 611, 568, 517, 523], 'X': [41, 46, 36, 51, 48, 51, 47, 68, 49, 47], 'XI': [34, 40, 32, 42, 42, 50, 46, 41, 60, 61], 'XII': [0, 0, 0, 0, 0, 2, 0, 0, 1, 4], 'XIII': [0, 1, 0, 1, 0, 0, 0, 3, 2, 7], 'XIV': [7, 11, 9, 13, 10, 12, 9, 9, 12, 14], 'XVI': [0, 3, 1, 4, 1, 0, 1, 2, 1, 1], 'XVII': [0, 1, 1, 1, 2, 3, 1, 4, 1, 3], 'XVIII': [5, 4, 7, 9, 6, 8, 9, 8, 2, 10], 'XX': [67, 67, 40, 67, 60, 61, 61, 52, 79, 53]}
'Brno-mìsto';{'I': [14, 19, 43, 57, 70, 69, 65, 81, 45, 54], 'II': [1015, 1017, 994, 990, 1010, 1025, 1044, 1056, 971, 1018], 'III': [9, 9, 7, 5, 7, 8, 2, 4, 6, 14], 'IV': [53, 47, 70, 85, 68, 53, 68, 61, 126, 125], 'V': [4, 10, 10, 3, 2, 3, 26, 27, 63, 50], 'VI': [58, 56, 21, 5, 8, 27, 68, 94, 98, 96], 'IX': [1970, 1825, 2142, 1955, 1991, 1860, 1851, 1902, 1850, 1729], 'X': [343, 354, 288, 251, 264, 240, 186, 181, 184, 203], 'XI': [179, 166, 190, 158, 200, 175, 180, 173, 180, 157], 'XII': [0, 0, 2, 0, 2, 6, 2, 4, 2, 11], 'XIII': [1, 1, 5, 2, 0, 1, 4, 4, 6, 6], 'XIV': [77, 74, 59, 47, 41, 64, 44, 55, 59, 50], 'XVI': [10, 11, 10, 6, 8, 8, 1, 7, 4, 9], 'XVII': [3, 2, 6, 4, 6, 0, 6, 7, 10, 7], 'XVIII': [36, 41, 37, 40, 33, 67, 71, 69, 70, 41], 'XX': [238, 201, 207, 208, 205, 208, 230, 199, 197, 206]}
'Brno-venkov';{'I': [6, 4, 18, 19, 24, 13, 22, 15, 20, 33], 'II': [521, 468, 491, 463, 508, 506, 477, 550, 525, 471], 'III': [4, 2, 2, 3, 2, 3, 1, 4, 8, 7], 'IV': [41, 34, 45, 43, 33, 31, 26, 35, 64, 72], 'V': [4, 5, 6, 2, 1, 3, 3, 10, 13, 16], 'VI': [42, 40, 5, 8, 42, 30, 54, 62, 59, 61], 'IX': [989, 896, 944, 939, 977, 955, 988, 1004, 973, 894], 'X': [131, 154, 134, 102, 91, 113, 88, 87, 109, 91], 'XI': [80, 73, 77, 88, 88, 85, 68, 79, 74, 95], 'XII': [0, 0, 1, 0, 0, 2, 1, 2, 5, 2], 'XIII': [0, 0, 2, 0, 0, 2, 5, 5, 2, 1], 'XIV': [30, 28, 19, 33, 27, 42, 17, 30, 17, 37], 'XVI': [7, 3, 2, 3, 3, 0, 5, 6, 7, 5], 'XVII': [2, 3, 4, 0, 4, 0, 3, 4, 5, 4], 'XVIII': [16, 14, 12, 9, 21, 12, 20, 15, 7, 13], 'XX': [105, 103, 108, 95, 87, 105, 96, 110, 96, 99]}
'Bruntál';{'I': [1, 5, 5, 7, 9, 3, 10, 18, 17, 20], 'II': [255, 281, 235, 264, 242, 222, 250, 261, 264, 244], 'III': [1, 4, 2, 2, 2, 1, 1, 4, 4, 1], 'IV': [14, 17, 28, 29, 12, 16, 26, 23, 29, 32], 'V': [4, 5, 4, 3, 3, 1, 5, 13, 7, 13], 'VI': [15, 16, 12, 9, 8, 10, 9, 15, 13, 14], 'IX': [516, 495, 466, 452, 444, 499, 497, 426, 488, 467], 'X': [45, 47, 48, 68, 67, 49, 70, 72, 104, 100], 'XI': [53, 49, 54, 67, 51, 79, 63, 42, 64, 61], 'XII': [0, 0, 0, 1, 1, 1, 2, 1, 1, 1], 'XIII': [0, 0, 0, 2, 0, 0, 1, 3, 0, 0], 'XIV': [17, 17, 15, 20, 14, 14, 9, 9, 7, 8], 'XVI': [2, 2, 1, 3, 4, 3, 0, 1, 0, 0], 'XVII': [0, 0, 2, 3, 4, 1, 1, 3, 3, 1], 'XVIII': [9, 11, 10, 16, 20, 8, 9, 7, 8, 6], 'XX': [56, 57, 46, 70, 66, 59, 62, 66, 74, 46]}
'Bøeclav';{'I': [4, 2, 10, 7, 9, 6, 12, 17, 17, 21], 'II': [303, 307, 272, 274, 306, 283, 294, 277, 308, 301], 'III': [3, 1, 0, 2, 1, 3, 3, 6, 3, 5], 'IV': [7, 20, 26, 18, 20, 20, 28, 25, 45, 29], 'V': [4, 1, 1, 0, 1, 0, 4, 6, 12, 11], 'VI': [15, 23, 5, 8, 8, 10, 18, 18, 22, 30], 'IX': [644, 618, 587, 549, 608, 547, 566, 579, 478, 486], 'X': [45, 33, 53, 43, 51, 63, 56, 45, 56, 66], 'XI': [60, 64, 53, 56, 61, 56, 56, 62, 73, 56], 'XII': [0, 0, 1, 1, 1, 0, 1, 0, 0, 5], 'XIII': [2, 0, 1, 2, 1, 2, 5, 0, 1, 1], 'XIV': [23, 22, 17, 17, 13, 16, 10, 10, 12, 10], 'XVI': [0, 5, 3, 2, 2, 0, 0, 4, 0, 0], 'XVII': [0, 2, 1, 2, 1, 0, 2, 1, 1, 1], 'XVIII': [8, 14, 11, 11, 11, 11, 11, 9, 7, 4], 'XX': [80, 65, 78, 57, 66, 63, 62, 68, 67, 64]}
'Cheb';{'I': [2, 4, 5, 3, 8, 12, 5, 13, 8, 11], 'II': [257, 244, 251, 283, 273, 281, 249, 261, 268, 278], 'III': [4, 2, 1, 1, 1, 0, 1, 1, 1, 0], 'IV': [15, 25, 56, 10, 10, 15, 27, 29, 42, 37], 'V': [3, 2, 2, 4, 1, 0, 11, 8, 6, 14], 'VI': [22, 28, 5, 12, 7, 9, 18, 16, 21, 12], 'IX': [440, 426, 368, 427, 479, 446, 461, 427, 479, 443], 'X': [72, 40, 51, 58, 60, 53, 65, 37, 50, 59], 'XI': [39, 39, 28, 35, 35, 46, 26, 35, 36, 36], 'XII': [0, 0, 0, 0, 0, 0, 1, 2, 0, 1], 'XIII': [0, 0, 0, 1, 0, 0, 3, 3, 3, 2], 'XIV': [5, 10, 2, 10, 4, 12, 5, 9, 8, 10], 'XVI': [0, 3, 4, 3, 3, 4, 6, 2, 1, 3], 'XVII': [1, 0, 2, 1, 1, 1, 2, 0, 1, 3], 'XVIII': [14, 8, 14, 12, 10, 7, 5, 11, 15, 9], 'XX': [56, 57, 56, 58, 54, 60, 46, 39, 53, 45]}
'Chomutov';{'I': [7, 11, 9, 10, 19, 24, 33, 22, 23, 19], 'II': [340, 351, 308, 341, 332, 329, 355, 351, 340, 358], 'III': [1, 1, 3, 0, 0, 2, 5, 4, 3, 3], 'IV': [28, 15, 32, 23, 11, 16, 15, 19, 59, 49], 'V': [2, 3, 2, 6, 0, 5, 10, 6, 13, 11], 'VI': [18, 19, 5, 12, 18, 16, 25, 25, 22, 30], 'IX': [608, 546, 596, 599, 607, 580, 546, 626, 575, 585], 'X': [76, 76, 73, 61, 111, 107, 107, 68, 82, 72], 'XI': [74, 60, 66, 70, 68, 54, 79, 73, 66, 58], 'XII': [2, 0, 0, 1, 4, 0, 5, 4, 0, 1], 'XIII': [0, 2, 0, 3, 3, 1, 0, 2, 1, 1], 'XIV': [18, 13, 20, 7, 19, 22, 23, 24, 12, 13], 'XVI': [8, 4, 5, 2, 0, 2, 6, 2, 4, 6], 'XVII': [4, 2, 2, 3, 1, 3, 1, 3, 4, 3], 'XVIII': [8, 7, 14, 10, 18, 33, 22, 13, 15, 16], 'XX': [94, 70, 68, 60, 73, 76, 84, 75, 81, 62]}
'Chrudim';{'I': [6, 6, 7, 9, 12, 19, 10, 19, 17, 19], 'II': [274, 260, 260, 263, 276, 293, 257, 302, 244, 255], 'III': [0, 1, 1, 0, 3, 1, 3, 2, 2, 1], 'IV': [14, 17, 27, 15, 16, 28, 28, 33, 65, 49], 'V': [3, 1, 1, 4, 1, 1, 3, 4, 11, 15], 'VI': [31, 26, 17, 15, 15, 7, 35, 31, 27, 40], 'IX': [554, 554, 611, 559, 519, 679, 569, 562, 549, 468], 'X': [91, 85, 69, 76, 81, 68, 60, 86, 58, 54], 'XI': [35, 35, 49, 38, 48, 40, 35, 36, 46, 43], 'XII': [0, 1, 0, 0, 0, 1, 0, 2, 2, 1], 'XIII': [1, 0, 1, 0, 0, 1, 0, 4, 0, 5], 'XIV': [15, 20, 16, 11, 22, 24, 18, 22, 13, 12], 'XVI': [3, 0, 3, 4, 4, 1, 2, 4, 1, 3], 'XVII': [0, 4, 1, 3, 0, 3, 4, 1, 2, 1], 'XVIII': [6, 1, 11, 10, 4, 9, 8, 10, 9, 10], 'XX': [70, 55, 65, 42, 53, 68, 74, 73, 76, 60]}
'Domažlice';{'I': [2, 1, 1, 14, 11, 7, 1, 2, 6, 11], 'II': [153, 170, 167, 145, 147, 147, 160, 158, 163, 153], 'III': [0, 1, 0, 0, 0, 0, 0, 2, 1, 2], 'IV': [3, 3, 14, 3, 12, 20, 24, 23, 30, 25], 'V': [0, 1, 1, 2, 0, 1, 5, 3, 3, 7], 'VI': [18, 14, 5, 7, 1, 7, 8, 13, 8, 18], 'IX': [376, 316, 310, 281, 328, 326, 322, 326, 304, 259], 'X': [34, 30, 26, 36, 32, 36, 22, 24, 40, 35], 'XI': [25, 23, 25, 16, 21, 18, 27, 26, 17, 21], 'XII': [0, 0, 0, 1, 1, 1, 1, 1, 1, 4], 'XIII': [0, 1, 0, 2, 0, 0, 1, 3, 0, 1], 'XIV': [5, 3, 10, 10, 10, 5, 5, 6, 11, 9], 'XVI': [0, 3, 0, 0, 0, 1, 0, 0, 0, 0], 'XVII': [1, 0, 0, 0, 1, 2, 0, 0, 2, 1], 'XVIII': [3, 3, 7, 13, 5, 5, 2, 1, 14, 5], 'XX': [35, 29, 30, 38, 30, 31, 30, 36, 27, 24]}
'Dìèín';{'I': [5, 4, 4, 5, 5, 14, 12, 16, 11, 8], 'II': [367, 398, 377, 381, 367, 385, 331, 358, 371, 343], 'III': [1, 0, 4, 6, 0, 1, 3, 2, 3, 1], 'IV': [25, 40, 78, 27, 18, 12, 34, 33, 50, 38], 'V': [7, 2, 3, 2, 0, 1, 10, 8, 12, 6], 'VI': [30, 23, 15, 11, 9, 15, 20, 26, 24, 23], 'IX': [704, 736, 719, 695, 744, 712, 672, 693, 678, 642], 'X': [73, 72, 57, 80, 92, 86, 68, 80, 96, 76], 'XI': [71, 59, 68, 55, 77, 60, 61, 56, 64, 51], 'XII': [2, 1, 0, 0, 1, 0, 1, 1, 3, 1], 'XIII': [0, 0, 2, 1, 3, 2, 3, 6, 3, 1], 'XIV': [27, 23, 18, 15, 24, 25, 21, 24, 26, 24], 'XVI': [5, 9, 5, 3, 4, 6, 5, 4, 2, 2], 'XVII': [4, 2, 2, 2, 1, 4, 2, 3, 3, 1], 'XVIII': [5, 6, 25, 19, 13, 13, 13, 6, 34, 19], 'XX': [119, 94, 80, 102, 95, 102, 96, 85, 65, 67]}
'Frýdek-Místek';{'I': [3, 6, 11, 12, 10, 18, 23, 23, 23, 29], 'II': [513, 497, 527, 546, 521, 542, 531, 533, 515, 554], 'III': [5, 5, 1, 4, 2, 2, 5, 3, 4, 0], 'IV': [33, 36, 61, 53, 60, 64, 86, 60, 79, 108], 'V': [8, 6, 11, 7, 14, 6, 18, 12, 20, 21], 'VI': [30, 33, 19, 26, 15, 13, 37, 40, 29, 33], 'IX': [1159, 1116, 1041, 1082, 1081, 1153, 1124, 1136, 1089, 995], 'X': [102, 79, 124, 118, 159, 120, 127, 122, 144, 131], 'XI': [110, 131, 120, 138, 120, 110, 117, 113, 117, 108], 'XII': [1, 0, 0, 0, 3, 4, 3, 5, 2, 3], 'XIII': [2, 1, 0, 1, 1, 1, 5, 0, 6, 4], 'XIV': [36, 38, 28, 28, 15, 12, 16, 21, 16, 10], 'XVI': [2, 10, 2, 6, 3, 4, 1, 3, 3, 1], 'XVII': [0, 1, 2, 3, 3, 4, 4, 2, 5, 4], 'XVIII': [13, 11, 18, 23, 19, 29, 12, 12, 15, 23], 'XX': [126, 141, 136, 127, 125, 123, 143, 144, 148, 112]}
'Havlíèkùv Brod';{'I': [2, 2, 2, 6, 3, 6, 7, 20, 10, 19], 'II': [276, 224, 228, 246, 277, 248, 229, 247, 226, 207], 'III': [2, 0, 0, 1, 1, 2, 1, 1, 1, 0], 'IV': [12, 11, 28, 30, 35, 18, 41, 42, 59, 48], 'V': [0, 1, 1, 2, 2, 1, 16, 18, 18, 12], 'VI': [25, 15, 13, 12, 10, 6, 28, 38, 37, 30], 'IX': [557, 499, 463, 482, 496, 492, 465, 491, 503, 407], 'X': [56, 76, 74, 87, 77, 74, 51, 38, 55, 57], 'XI': [29, 39, 22, 32, 31, 23, 37, 36, 20, 24], 'XII': [0, 0, 0, 0, 0, 2, 2, 2, 0, 0], 'XIII': [0, 0, 1, 0, 0, 0, 0, 2, 5, 2], 'XIV': [15, 21, 15, 24, 13, 13, 10, 8, 15, 3], 'XVI': [2, 1, 9, 0, 1, 0, 2, 0, 1, 0], 'XVII': [1, 0, 1, 2, 0, 0, 1, 1, 3, 1], 'XVIII': [0, 0, 4, 3, 17, 3, 10, 3, 8, 5], 'XX': [47, 37, 54, 59, 45, 56, 53, 60, 50, 46]}
'Hlavní mìsto Praha';{'I': [30, 60, 60, 105, 93, 97, 202, 217, 198, 218], 'II': [3478, 3551, 3501, 3413, 3476, 3388, 3111, 3205, 3203, 3309], 'III': [9, 9, 10, 15, 13, 10, 20, 21, 28, 14], 'IV': [84, 116, 249, 219, 208, 193, 248, 255, 457, 421], 'V': [34, 30, 22, 28, 21, 26, 119, 144, 185, 170], 'VI': [278, 335, 202, 247, 207, 196, 290, 369, 375, 411], 'IX': [6194, 5666, 5796, 5701, 5678, 5866, 5920, 5978, 5593, 5435], 'X': [917, 806, 719, 710, 718, 647, 679, 680, 768, 660], 'XI': [561, 553, 550, 606, 543, 545, 492, 506, 462, 491], 'XII': [3, 5, 3, 0, 0, 2, 19, 32, 17, 17], 'XIII': [0, 4, 7, 6, 4, 5, 13, 28, 11, 21], 'XIV': [173, 198, 102, 108, 111, 200, 143, 155, 133, 136], 'XVI': [8, 18, 17, 16, 18, 22, 15, 8, 13, 7], 'XVII': [7, 9, 17, 13, 10, 11, 11, 14, 14, 16], 'XVIII': [238, 208, 292, 410, 620, 420, 201, 218, 155, 183], 'XX': [659, 705, 661, 672, 643, 637, 609, 579, 537, 606]}
'Hodonín';{'I': [4, 2, 9, 13, 16, 29, 19, 31, 24, 22], 'II': [406, 422, 405, 396, 401, 384, 371, 379, 366, 369], 'III': [0, 0, 0, 0, 0, 2, 2, 5, 5, 3], 'IV': [8, 15, 35, 25, 27, 31, 21, 30, 51, 61], 'V': [6, 2, 5, 13, 3, 5, 7, 10, 13, 16], 'VI': [27, 25, 25, 26, 16, 14, 33, 52, 54, 60], 'IX': [935, 981, 863, 791, 789, 795, 798, 806, 774, 744], 'X': [67, 57, 59, 65, 88, 93, 81, 68, 72, 50], 'XI': [70, 73, 79, 90, 75, 69, 94, 57, 83, 74], 'XII': [0, 2, 0, 0, 1, 1, 3, 1, 1, 0], 'XIII': [1, 1, 3, 1, 0, 0, 0, 0, 0, 6], 'XIV': [19, 20, 16, 17, 13, 15, 12, 24, 15, 18], 'XVI': [2, 4, 5, 4, 4, 5, 5, 4, 1, 3], 'XVII': [3, 3, 2, 2, 2, 2, 1, 1, 6, 2], 'XVIII': [5, 12, 14, 21, 28, 17, 9, 18, 21, 11], 'XX': [100, 101, 89, 94, 100, 103, 105, 86, 93, 94]}
'Hradec Králové';{'I': [10, 7, 20, 13, 17, 13, 12, 24, 14, 14], 'II': [406, 417, 443, 464, 456, 470, 433, 400, 402, 414], 'III': [0, 1, 2, 3, 3, 2, 1, 1, 1, 1], 'IV': [18, 25, 21, 27, 28, 23, 22, 31, 58, 57], 'V': [0, 3, 4, 1, 0, 0, 15, 15, 25, 23], 'VI': [32, 34, 20, 6, 8, 15, 36, 56, 49, 41], 'IX': [851, 812, 821, 810, 836, 794, 830, 779, 804, 836], 'X': [116, 106, 113, 103, 125, 119, 128, 132, 130, 90], 'XI': [43, 65, 59, 39, 56, 48, 53, 49, 54, 50], 'XII': [1, 1, 0, 1, 2, 1, 6, 5, 1, 5], 'XIII': [1, 5, 3, 0, 0, 2, 6, 3, 8, 4], 'XIV': [35, 29, 23, 18, 20, 12, 18, 14, 16, 19], 'XVI': [3, 4, 1, 1, 1, 1, 3, 1, 1, 1], 'XVII': [0, 0, 4, 4, 1, 2, 2, 6, 2, 2], 'XVIII': [31, 32, 30, 26, 23, 26, 43, 28, 32, 32], 'XX': [86, 86, 88, 103, 84, 74, 96, 78, 82, 80]}
'Jablonec nad Nisou';{'I': [4, 1, 5, 5, 9, 4, 11, 9, 6, 9], 'II': [211, 252, 238, 254, 241, 234, 253, 229, 248, 222], 'III': [0, 0, 2, 0, 1, 2, 0, 1, 1, 0], 'IV': [12, 10, 10, 15, 9, 18, 8, 21, 32, 24], 'V': [2, 0, 5, 2, 0, 4, 5, 8, 3, 15], 'VI': [25, 19, 13, 4, 6, 7, 14, 15, 10, 12], 'IX': [425, 418, 444, 429, 473, 414, 450, 463, 448, 406], 'X': [36, 43, 45, 52, 48, 50, 37, 32, 56, 45], 'XI': [45, 49, 38, 41, 48, 41, 41, 40, 45, 39], 'XII': [0, 0, 1, 2, 1, 1, 0, 1, 0, 0], 'XIII': [0, 0, 1, 0, 1, 1, 1, 1, 1, 1], 'XIV': [13, 12, 13, 13, 11, 13, 8, 5, 7, 10], 'XVI': [1, 0, 1, 2, 2, 3, 1, 2, 3, 1], 'XVII': [0, 2, 3, 2, 1, 0, 2, 2, 1, 5], 'XVIII': [5, 11, 5, 12, 1, 5, 5, 4, 13, 19], 'XX': [83, 57, 68, 58, 60, 60, 71, 51, 52, 48]}
'Jeseník';{'I': [0, 1, 3, 2, 1, 0, 3, 4, 3, 7], 'II': [100, 95, 84, 98, 95, 102, 98, 111, 112, 129], 'III': [0, 1, 0, 1, 2, 0, 0, 1, 0, 0], 'IV': [1, 4, 7, 6, 5, 8, 5, 10, 10, 8], 'V': [1, 0, 0, 1, 1, 4, 1, 1, 0, 1], 'VI': [9, 4, 5, 5, 3, 3, 2, 7, 9, 9], 'IX': [218, 223, 225, 237, 233, 193, 227, 198, 205, 206], 'X': [18, 35, 26, 16, 22, 29, 28, 29, 25, 33], 'XI': [19, 12, 16, 16, 20, 23, 23, 25, 24, 18], 'XII': [1, 0, 0, 1, 0, 1, 0, 1, 1, 2], 'XIII': [0, 0, 1, 3, 0, 1, 2, 1, 0, 1], 'XIV': [7, 9, 0, 7, 9, 9, 6, 9, 2, 4], 'XVI': [3, 1, 0, 0, 1, 1, 1, 0, 0, 0], 'XVII': [0, 0, 1, 0, 0, 1, 1, 0, 0, 0], 'XVIII': [4, 2, 2, 10, 6, 4, 5, 3, 2, 3], 'XX': [34, 21, 32, 32, 31, 29, 26, 27, 27, 28]}
'Jihlava';{'I': [1, 2, 3, 7, 10, 4, 11, 21, 22, 15], 'II': [318, 308, 304, 308, 313, 342, 294, 325, 313, 301], 'III': [0, 0, 1, 0, 0, 1, 1, 2, 2, 3], 'IV': [7, 10, 23, 45, 51, 71, 73, 52, 59, 72], 'V': [0, 0, 2, 5, 1, 1, 6, 13, 8, 14], 'VI': [28, 23, 14, 18, 13, 17, 41, 38, 49, 42], 'IX': [572, 520, 471, 426, 413, 510, 451, 507, 536, 446], 'X': [49, 36, 55, 61, 86, 69, 48, 45, 56, 42], 'XI': [51, 38, 41, 29, 40, 44, 37, 35, 45, 38], 'XII': [0, 0, 0, 0, 0, 0, 3, 1, 4, 1], 'XIII': [0, 0, 2, 1, 0, 0, 1, 1, 1, 1], 'XIV': [28, 18, 15, 20, 20, 13, 10, 23, 10, 12], 'XVI': [3, 3, 2, 1, 2, 2, 1, 3, 1, 2], 'XVII': [0, 2, 1, 3, 4, 3, 1, 2, 2, 2], 'XVIII': [7, 6, 4, 7, 13, 5, 4, 5, 7, 5], 'XX': [39, 49, 71, 56, 40, 68, 61, 58, 42, 55]}
'Jindøichùv Hradec';{'I': [8, 7, 13, 5, 16, 12, 7, 11, 29, 17], 'II': [281, 238, 268, 246, 245, 251, 239, 249, 251, 219], 'III': [1, 0, 1, 2, 3, 1, 1, 1, 1, 5], 'IV': [14, 23, 25, 15, 22, 27, 36, 15, 26, 40], 'V': [0, 2, 4, 5, 0, 3, 4, 1, 5, 10], 'VI': [15, 8, 14, 10, 7, 4, 24, 15, 27, 24], 'IX': [469, 470, 455, 453, 540, 496, 462, 479, 467, 409], 'X': [63, 47, 58, 59, 62, 57, 57, 65, 74, 68], 'XI': [27, 29, 34, 34, 35, 28, 33, 30, 23, 41], 'XII': [3, 0, 0, 1, 0, 1, 3, 1, 1, 2], 'XIII': [2, 0, 0, 4, 0, 1, 1, 2, 1, 0], 'XIV': [19, 14, 11, 12, 8, 18, 13, 19, 13, 17], 'XVI': [2, 2, 1, 2, 2, 2, 2, 0, 1, 1], 'XVII': [4, 0, 1, 3, 0, 0, 3, 1, 1, 0], 'XVIII': [3, 8, 12, 8, 5, 4, 7, 12, 11, 17], 'XX': [63, 44, 42, 49, 41, 67, 55, 44, 36, 60]}
'Jièín';{'I': [10, 6, 10, 8, 18, 7, 11, 19, 13, 6], 'II': [197, 225, 204, 246, 196, 222, 205, 228, 234, 212], 'III': [0, 3, 1, 2, 1, 0, 0, 1, 0, 3], 'IV': [8, 13, 16, 23, 16, 19, 32, 23, 36, 17], 'V': [2, 0, 1, 0, 0, 2, 5, 7, 22, 10], 'VI': [13, 17, 9, 5, 5, 8, 7, 19, 13, 14], 'IX': [508, 448, 444, 409, 485, 398, 453, 451, 464, 389], 'X': [58, 38, 41, 57, 58, 42, 52, 49, 55, 34], 'XI': [30, 39, 29, 24, 19, 38, 38, 30, 21, 18], 'XII': [0, 0, 0, 2, 1, 2, 1, 0, 1, 1], 'XIII': [1, 1, 0, 0, 0, 0, 3, 2, 1, 2], 'XIV': [17, 21, 13, 8, 5, 12, 8, 14, 9, 6], 'XVI': [0, 1, 1, 1, 0, 1, 0, 1, 0, 0], 'XVII': [1, 2, 1, 1, 2, 2, 1, 2, 0, 1], 'XVIII': [12, 9, 6, 9, 11, 13, 11, 4, 13, 14], 'XX': [27, 55, 31, 44, 57, 41, 53, 59, 30, 45]}
'Karlovy Vary';{'I': [6, 8, 6, 10, 25, 23, 35, 28, 35, 29], 'II': [369, 332, 351, 363, 363, 331, 350, 353, 347, 321], 'III': [1, 1, 1, 0, 0, 3, 2, 4, 4, 3], 'IV': [21, 21, 65, 27, 14, 17, 40, 26, 55, 57], 'V': [11, 5, 3, 0, 0, 2, 14, 20, 15, 21], 'VI': [25, 19, 12, 14, 21, 7, 53, 45, 46, 50], 'IX': [611, 595, 557, 570, 594, 554, 508, 577, 534, 525], 'X': [70, 51, 76, 64, 87, 86, 57, 46, 71, 65], 'XI': [42, 50, 43, 49, 60, 76, 47, 39, 45, 56], 'XII': [0, 0, 0, 0, 2, 0, 1, 2, 2, 1], 'XIII': [1, 0, 0, 0, 0, 0, 4, 4, 4, 5], 'XIV': [34, 33, 14, 30, 19, 23, 18, 12, 11, 22], 'XVI': [3, 0, 5, 2, 3, 3, 4, 0, 0, 2], 'XVII': [2, 1, 3, 0, 0, 1, 4, 2, 2, 1], 'XVIII': [3, 7, 22, 10, 11, 16, 12, 14, 22, 20], 'XX': [70, 78, 67, 75, 91, 100, 90, 87, 65, 94]}
'Karviná';{'I': [10, 6, 6, 8, 25, 25, 32, 36, 35, 33], 'II': [737, 721, 742, 745, 829, 723, 761, 727, 728, 747], 'III': [3, 3, 6, 0, 4, 2, 3, 6, 4, 2], 'IV': [28, 42, 49, 57, 49, 44, 58, 77, 100, 108], 'V': [4, 9, 5, 10, 5, 4, 24, 23, 17, 24], 'VI': [39, 40, 28, 27, 31, 31, 41, 52, 52, 50], 'IX': [1535, 1511, 1407, 1460, 1489, 1581, 1547, 1498, 1550, 1450], 'X': [130, 99, 142, 102, 170, 152, 132, 144, 200, 171], 'XI': [142, 187, 179, 171, 178, 168, 154, 157, 162, 177], 'XII': [1, 0, 0, 2, 3, 7, 8, 2, 6, 6], 'XIII': [0, 1, 0, 2, 0, 3, 3, 0, 4, 5], 'XIV': [43, 31, 24, 23, 23, 28, 22, 28, 23, 23], 'XVI': [3, 7, 6, 9, 5, 4, 4, 3, 1, 2], 'XVII': [0, 4, 8, 7, 9, 6, 6, 2, 3, 5], 'XVIII': [33, 28, 39, 33, 50, 36, 29, 31, 31, 31], 'XX': [161, 148, 152, 160, 158, 175, 166, 167, 151, 131]}
'Kladno';{'I': [12, 30, 30, 41, 43, 35, 21, 31, 48, 40], 'II': [461, 446, 515, 509, 500, 467, 444, 450, 461, 478], 'III': [1, 0, 2, 2, 1, 3, 3, 1, 9, 5], 'IV': [39, 17, 87, 45, 54, 38, 59, 42, 72, 66], 'V': [2, 1, 3, 1, 3, 2, 11, 2, 15, 10], 'VI': [26, 7, 15, 17, 17, 18, 34, 37, 41, 48], 'IX': [947, 859, 736, 830, 828, 794, 842, 836, 745, 777], 'X': [82, 103, 108, 76, 72, 83, 84, 102, 122, 99], 'XI': [53, 58, 63, 61, 77, 52, 59, 74, 70, 66], 'XII': [0, 0, 0, 0, 1, 1, 5, 2, 1, 3], 'XIII': [0, 0, 0, 3, 0, 0, 1, 3, 3, 2], 'XIV': [27, 34, 15, 7, 3, 15, 23, 24, 23, 19], 'XVI': [2, 4, 1, 2, 4, 1, 6, 3, 2, 3], 'XVII': [2, 1, 3, 2, 2, 2, 0, 0, 1, 2], 'XVIII': [16, 13, 17, 20, 22, 16, 12, 8, 17, 12], 'XX': [105, 86, 117, 73, 81, 66, 87, 76, 96, 105]}
'Klatovy';{'I': [4, 1, 4, 5, 11, 5, 3, 7, 10, 9], 'II': [241, 263, 252, 268, 235, 246, 275, 228, 247, 226], 'III': [0, 0, 2, 1, 2, 2, 1, 1, 2, 3], 'IV': [7, 2, 22, 18, 15, 23, 21, 23, 52, 54], 'V': [4, 5, 3, 3, 5, 3, 9, 4, 12, 9], 'VI': [37, 39, 9, 10, 11, 8, 15, 23, 23, 25], 'IX': [460, 501, 473, 463, 487, 489, 477, 502, 462, 435], 'X': [65, 47, 46, 60, 52, 51, 29, 51, 62, 58], 'XI': [42, 43, 30, 40, 29, 36, 30, 34, 44, 43], 'XII': [1, 1, 2, 0, 0, 2, 2, 2, 1, 2], 'XIII': [0, 0, 1, 4, 0, 0, 0, 4, 2, 3], 'XIV': [18, 9, 16, 12, 15, 20, 13, 14, 11, 13], 'XVI': [6, 1, 0, 1, 0, 1, 0, 2, 0, 0], 'XVII': [2, 2, 1, 0, 1, 2, 0, 3, 2, 2], 'XVIII': [2, 5, 8, 12, 8, 8, 11, 11, 13, 16], 'XX': [51, 34, 43, 51, 61, 42, 43, 60, 57, 56]}
'Kolín';{'I': [5, 10, 15, 12, 18, 9, 9, 18, 14, 18], 'II': [280, 232, 256, 262, 296, 286, 256, 295, 270, 274], 'III': [0, 1, 0, 1, 2, 1, 6, 0, 2, 4], 'IV': [32, 25, 51, 34, 34, 25, 35, 32, 45, 40], 'V': [1, 2, 4, 0, 0, 1, 8, 8, 16, 16], 'VI': [13, 15, 11, 8, 9, 12, 28, 24, 42, 27], 'IX': [529, 508, 479, 450, 455, 467, 450, 451, 449, 429], 'X': [70, 66, 55, 65, 65, 69, 76, 56, 57, 61], 'XI': [40, 43, 43, 41, 42, 59, 50, 50, 49, 27], 'XII': [0, 0, 1, 0, 0, 1, 2, 1, 3, 0], 'XIII': [0, 4, 2, 1, 1, 1, 3, 4, 9, 1], 'XIV': [21, 21, 10, 4, 7, 14, 22, 20, 17, 14], 'XVI': [3, 0, 1, 1, 3, 0, 1, 4, 4, 0], 'XVII': [1, 0, 3, 1, 1, 0, 2, 1, 2, 5], 'XVIII': [7, 4, 7, 16, 22, 27, 9, 9, 9, 4], 'XX': [69, 44, 82, 64, 74, 72, 55, 58, 52, 50]}
'Kromìøíž';{'I': [2, 2, 6, 8, 12, 10, 19, 18, 12, 13], 'II': [296, 294, 271, 309, 272, 268, 297, 281, 278, 271], 'III': [0, 1, 0, 1, 1, 1, 3, 1, 1, 3], 'IV': [27, 26, 24, 19, 18, 18, 24, 18, 43, 38], 'V': [14, 12, 3, 7, 5, 5, 13, 22, 21, 10], 'VI': [19, 17, 7, 2, 15, 8, 14, 21, 26, 22], 'IX': [552, 525, 592, 592, 586, 535, 625, 612, 669, 542], 'X': [57, 64, 52, 43, 47, 38, 54, 52, 58, 50], 'XI': [67, 53, 54, 64, 55, 60, 64, 51, 42, 48], 'XII': [0, 0, 0, 0, 0, 2, 3, 3, 3, 3], 'XIII': [0, 1, 0, 1, 0, 3, 4, 4, 2, 2], 'XIV': [13, 17, 12, 4, 9, 9, 14, 17, 11, 6], 'XVI': [2, 4, 1, 3, 1, 0, 0, 1, 4, 2], 'XVII': [1, 1, 2, 4, 3, 1, 5, 4, 5, 0], 'XVIII': [8, 7, 8, 13, 9, 21, 17, 14, 22, 9], 'XX': [91, 62, 85, 77, 68, 60, 65, 61, 74, 82]}
'Kutná Hora';{'I': [5, 11, 17, 14, 17, 1, 7, 12, 14, 12], 'II': [198, 196, 205, 241, 233, 236, 210, 218, 217, 209], 'III': [1, 0, 0, 2, 2, 1, 1, 3, 2, 0], 'IV': [19, 18, 29, 26, 29, 26, 27, 31, 55, 22], 'V': [0, 2, 1, 2, 1, 5, 7, 14, 17, 13], 'VI': [14, 15, 16, 17, 9, 4, 12, 24, 13, 28], 'IX': [399, 411, 401, 393, 385, 446, 404, 441, 403, 344], 'X': [46, 55, 38, 29, 37, 38, 42, 45, 56, 50], 'XI': [36, 29, 42, 36, 40, 30, 40, 36, 40, 41], 'XII': [0, 0, 0, 0, 0, 0, 1, 1, 0, 1], 'XIII': [1, 2, 1, 1, 2, 0, 4, 1, 1, 1], 'XIV': [15, 15, 8, 3, 5, 13, 5, 17, 12, 10], 'XVI': [0, 0, 0, 0, 1, 0, 1, 1, 0, 1], 'XVII': [2, 0, 3, 1, 1, 3, 0, 1, 2, 1], 'XVIII': [17, 4, 10, 11, 10, 16, 6, 6, 6, 5], 'XX': [56, 50, 64, 39, 35, 42, 49, 44, 50, 51]}
'Liberec';{'I': [8, 5, 12, 12, 19, 26, 21, 21, 15, 29], 'II': [467, 474, 506, 475, 451, 455, 438, 490, 447, 472], 'III': [1, 0, 1, 0, 1, 1, 1, 1, 1, 3], 'IV': [17, 34, 43, 22, 31, 25, 29, 41, 73, 90], 'V': [4, 2, 1, 1, 4, 2, 13, 17, 23, 15], 'VI': [32, 28, 19, 12, 10, 8, 25, 34, 20, 28], 'IX': [852, 773, 806, 837, 883, 780, 822, 867, 807, 760], 'X': [88, 87, 74, 81, 71, 92, 75, 98, 118, 77], 'XI': [77, 71, 69, 63, 69, 68, 76, 69, 80, 73], 'XII': [0, 0, 0, 0, 2, 0, 2, 5, 4, 2], 'XIII': [2, 1, 1, 0, 0, 0, 1, 4, 2, 2], 'XIV': [14, 20, 22, 23, 17, 13, 17, 9, 7, 20], 'XVI': [7, 2, 3, 8, 4, 1, 2, 1, 3, 5], 'XVII': [0, 1, 1, 2, 1, 4, 3, 1, 2, 4], 'XVIII': [13, 7, 8, 22, 18, 9, 8, 12, 24, 24], 'XX': [85, 93, 91, 82, 89, 81, 97, 74, 69, 110]}
'Litomìøice';{'I': [3, 3, 9, 12, 11, 16, 27, 18, 19, 20], 'II': [354, 331, 329, 347, 352, 360, 316, 345, 369, 360], 'III': [2, 1, 4, 4, 2, 1, 2, 3, 2, 4], 'IV': [47, 37, 53, 36, 46, 27, 45, 49, 63, 87], 'V': [0, 2, 0, 1, 2, 3, 9, 9, 13, 20], 'VI': [21, 10, 24, 14, 13, 8, 28, 25, 31, 32], 'IX': [621, 605, 576, 618, 605, 603, 611, 580, 633, 614], 'X': [46, 51, 50, 78, 73, 73, 61, 68, 106, 92], 'XI': [55, 60, 46, 51, 50, 48, 52, 58, 62, 42], 'XII': [0, 2, 4, 1, 1, 3, 1, 3, 1, 3], 'XIII': [2, 2, 1, 1, 2, 0, 3, 2, 1, 1], 'XIV': [32, 38, 16, 26, 20, 20, 15, 16, 13, 19], 'XVI': [2, 5, 3, 8, 2, 3, 2, 1, 1, 1], 'XVII': [2, 0, 1, 5, 3, 2, 4, 3, 5, 2], 'XVIII': [12, 12, 9, 30, 16, 28, 26, 24, 22, 30], 'XX': [90, 74, 85, 73, 77, 64, 74, 82, 68, 86]}
'Louny';{'I': [3, 4, 3, 3, 6, 5, 19, 9, 11, 12], 'II': [237, 248, 288, 241, 232, 268, 230, 260, 247, 245], 'III': [2, 0, 0, 0, 0, 1, 2, 1, 0, 0], 'IV': [14, 12, 18, 22, 21, 22, 29, 17, 40, 44], 'V': [2, 1, 1, 1, 1, 0, 5, 5, 7, 6], 'VI': [13, 13, 14, 3, 6, 12, 12, 15, 9, 11], 'IX': [509, 474, 471, 469, 528, 540, 480, 557, 545, 477], 'X': [39, 26, 32, 38, 53, 49, 35, 35, 45, 46], 'XI': [44, 48, 61, 40, 39, 35, 39, 26, 30, 35], 'XII': [0, 2, 0, 1, 0, 0, 2, 4, 0, 0], 'XIII': [0, 0, 1, 0, 1, 0, 2, 3, 0, 0], 'XIV': [14, 9, 18, 8, 9, 13, 16, 12, 4, 7], 'XVI': [4, 3, 3, 1, 3, 6, 3, 1, 5, 1], 'XVII': [1, 1, 4, 2, 4, 5, 1, 1, 2, 2], 'XVIII': [3, 5, 7, 13, 4, 5, 7, 5, 7, 6], 'XX': [65, 60, 56, 63, 46, 45, 44, 45, 49, 50]}
'Mladá Boleslav';{'I': [6, 3, 8, 9, 23, 25, 13, 17, 15, 25], 'II': [315, 313, 305, 269, 301, 327, 326, 286, 321, 272], 'III': [1, 1, 0, 1, 1, 3, 1, 1, 1, 4], 'IV': [9, 19, 24, 18, 18, 22, 23, 30, 60, 63], 'V': [4, 6, 1, 1, 2, 4, 3, 11, 10, 11], 'VI': [19, 16, 6, 6, 4, 6, 23, 19, 20, 13], 'IX': [654, 596, 609, 596, 620, 605, 554, 557, 543, 533], 'X': [43, 40, 44, 50, 65, 57, 58, 46, 65, 49], 'XI': [60, 56, 51, 61, 70, 48, 47, 50, 50, 45], 'XII': [0, 0, 0, 1, 1, 0, 0, 5, 2, 2], 'XIII': [1, 1, 0, 0, 0, 0, 0, 2, 2, 0], 'XIV': [12, 15, 16, 10, 13, 7, 17, 11, 14, 15], 'XVI': [2, 1, 2, 2, 2, 4, 0, 1, 2, 0], 'XVII': [2, 0, 1, 3, 2, 2, 1, 2, 0, 3], 'XVIII': [3, 5, 11, 23, 19, 17, 16, 18, 10, 10], 'XX': [58, 77, 62, 82, 57, 64, 64, 52, 55, 50]}
'Most';{'I': [4, 5, 6, 11, 13, 7, 12, 15, 9, 29], 'II': [357, 371, 355, 324, 365, 326, 376, 356, 361, 374], 'III': [1, 1, 2, 0, 2, 0, 1, 0, 2, 2], 'IV': [9, 17, 25, 21, 27, 17, 30, 24, 49, 37], 'V': [2, 0, 1, 0, 3, 2, 9, 6, 5, 7], 'VI': [20, 19, 11, 7, 10, 1, 10, 9, 12, 15], 'IX': [687, 712, 688, 659, 674, 683, 662, 639, 667, 595], 'X': [37, 34, 37, 55, 49, 44, 48, 46, 84, 48], 'XI': [51, 52, 60, 45, 49, 39, 54, 58, 40, 52], 'XII': [0, 0, 1, 1, 1, 0, 0, 1, 3, 4], 'XIII': [1, 1, 0, 1, 2, 1, 0, 2, 3, 2], 'XIV': [17, 8, 8, 12, 7, 9, 10, 12, 10, 13], 'XVI': [6, 6, 2, 2, 6, 6, 1, 4, 2, 4], 'XVII': [1, 3, 0, 2, 2, 0, 1, 2, 1, 1], 'XVIII': [7, 4, 12, 12, 6, 10, 2, 13, 37, 14], 'XX': [61, 70, 72, 60, 61, 72, 57, 63, 61, 49]}
'Mìlník';{'I': [8, 16, 10, 18, 16, 11, 14, 14, 20, 21], 'II': [275, 273, 265, 251, 286, 288, 282, 268, 273, 303], 'III': [0, 1, 0, 0, 1, 1, 1, 1, 1, 0], 'IV': [16, 19, 30, 15, 21, 17, 23, 23, 37, 24], 'V': [5, 2, 3, 2, 0, 3, 3, 4, 10, 7], 'VI': [11, 8, 6, 9, 4, 13, 19, 15, 27, 22], 'IX': [523, 512, 499, 531, 558, 532, 539, 546, 542, 463], 'X': [42, 42, 42, 36, 39, 48, 42, 49, 44, 49], 'XI': [36, 30, 34, 46, 35, 41, 32, 37, 34, 29], 'XII': [0, 0, 0, 0, 1, 1, 3, 1, 5, 2], 'XIII': [0, 0, 1, 4, 0, 1, 1, 2, 0, 0], 'XIV': [20, 13, 5, 11, 9, 18, 20, 17, 7, 12], 'XVI': [1, 0, 1, 3, 2, 1, 2, 2, 0, 1], 'XVII': [0, 2, 0, 2, 0, 0, 3, 0, 0, 1], 'XVIII': [5, 6, 7, 19, 16, 24, 12, 15, 11, 11], 'XX': [44, 52, 72, 57, 52, 62, 60, 53, 45, 63]}
'Nový Jièín';{'I': [13, 7, 15, 14, 21, 10, 28, 21, 46, 40], 'II': [361, 369, 338, 350, 360, 380, 362, 351, 370, 377], 'III': [0, 1, 1, 1, 3, 4, 4, 1, 4, 2], 'IV': [32, 29, 15, 27, 27, 29, 34, 34, 43, 56], 'V': [3, 1, 4, 3, 4, 2, 5, 6, 11, 16], 'VI': [20, 18, 14, 24, 18, 16, 20, 17, 22, 34], 'IX': [809, 693, 691, 786, 799, 821, 803, 787, 770, 705], 'X': [86, 58, 65, 64, 67, 57, 75, 89, 92, 81], 'XI': [94, 75, 94, 103, 98, 77, 75, 69, 83, 76], 'XII': [0, 1, 3, 2, 1, 3, 1, 0, 0, 3], 'XIII': [0, 0, 0, 0, 1, 0, 1, 2, 1, 3], 'XIV': [31, 32, 29, 25, 32, 24, 16, 18, 20, 23], 'XVI': [3, 4, 0, 3, 5, 1, 1, 2, 1, 1], 'XVII': [3, 5, 4, 1, 1, 2, 0, 4, 6, 4], 'XVIII': [11, 5, 14, 13, 11, 15, 4, 18, 11, 9], 'XX': [93, 80, 86, 83, 108, 75, 76, 87, 64, 74]}
'Nymburk';{'I': [3, 5, 11, 8, 9, 9, 16, 14, 7, 16], 'II': [249, 227, 250, 258, 232, 251, 244, 219, 234, 211], 'III': [1, 1, 0, 2, 1, 2, 2, 3, 2, 3], 'IV': [18, 16, 42, 34, 28, 25, 26, 24, 41, 39], 'V': [2, 1, 2, 0, 1, 3, 14, 17, 14, 26], 'VI': [28, 22, 6, 16, 3, 7, 15, 35, 25, 21], 'IX': [518, 492, 441, 461, 507, 468, 460, 415, 479, 433], 'X': [36, 27, 40, 35, 45, 57, 43, 62, 53, 64], 'XI': [47, 42, 46, 30, 39, 51, 43, 49, 47, 36], 'XII': [0, 0, 0, 1, 0, 1, 2, 2, 0, 2], 'XIII': [0, 0, 1, 0, 1, 0, 1, 2, 1, 1], 'XIV': [11, 19, 13, 16, 13, 16, 17, 16, 8, 13], 'XVI': [1, 1, 2, 1, 2, 1, 3, 2, 2, 1], 'XVII': [2, 2, 2, 1, 0, 0, 1, 2, 1, 0], 'XVIII': [5, 9, 15, 30, 15, 16, 18, 17, 21, 7], 'XX': [79, 49, 77, 58, 58, 63, 50, 51, 80, 59]}
'Náchod';{'I': [5, 6, 15, 12, 21, 28, 20, 28, 29, 33], 'II': [248, 279, 311, 312, 319, 310, 305, 297, 281, 281], 'III': [2, 0, 1, 1, 2, 1, 4, 5, 0, 2], 'IV': [13, 10, 22, 18, 16, 14, 18, 25, 47, 45], 'V': [2, 1, 1, 2, 2, 0, 14, 16, 16, 18], 'VI': [18, 18, 13, 11, 11, 5, 12, 20, 18, 29], 'IX': [580, 584, 628, 573, 634, 609, 578, 619, 648, 567], 'X': [77, 84, 43, 52, 61, 68, 69, 69, 71, 49], 'XI': [53, 48, 35, 52, 46, 27, 30, 31, 31, 35], 'XII': [0, 0, 0, 1, 1, 2, 3, 2, 1, 4], 'XIII': [2, 0, 1, 0, 0, 0, 2, 2, 1, 4], 'XIV': [18, 17, 7, 10, 10, 11, 12, 15, 8, 8], 'XVI': [1, 1, 2, 2, 0, 3, 1, 0, 1, 1], 'XVII': [2, 1, 4, 1, 1, 3, 1, 2, 2, 4], 'XVIII': [15, 11, 13, 21, 19, 12, 10, 21, 20, 21], 'XX': [68, 60, 65, 60, 62, 71, 65, 62, 48, 59]}
'Olomouc';{'I': [5, 5, 8, 11, 13, 16, 12, 18, 32, 31], 'II': [619, 630, 613, 601, 560, 580, 594, 627, 613, 536], 'III': [2, 1, 1, 3, 0, 1, 2, 2, 5, 3], 'IV': [16, 18, 19, 34, 23, 19, 30, 37, 65, 71], 'V': [1, 3, 5, 4, 8, 18, 41, 27, 31, 35], 'VI': [81, 91, 74, 57, 76, 61, 82, 55, 84, 58], 'IX': [1090, 1057, 1039, 1061, 1152, 1118, 1104, 1129, 1098, 1014], 'X': [109, 101, 115, 118, 162, 145, 134, 136, 137, 138], 'XI': [107, 109, 106, 108, 106, 112, 88, 111, 111, 115], 'XII': [1, 2, 1, 2, 5, 3, 3, 2, 6, 7], 'XIII': [0, 0, 1, 5, 4, 2, 1, 1, 3, 4], 'XIV': [23, 19, 19, 30, 37, 36, 19, 25, 15, 19], 'XVI': [4, 4, 3, 6, 12, 0, 3, 1, 7, 2], 'XVII': [4, 3, 2, 4, 3, 3, 4, 5, 2, 6], 'XVIII': [32, 26, 38, 31, 23, 47, 31, 29, 23, 23], 'XX': [135, 116, 157, 133, 128, 150, 130, 118, 124, 122]}
'Opava';{'I': [9, 9, 6, 9, 12, 17, 38, 22, 27, 29], 'II': [438, 425, 433, 471, 439, 481, 479, 453, 434, 443], 'III': [0, 0, 1, 1, 2, 3, 1, 4, 1, 1], 'IV': [33, 38, 57, 37, 62, 43, 51, 60, 53, 75], 'V': [6, 3, 5, 5, 4, 4, 10, 17, 11, 14], 'VI': [34, 31, 20, 34, 22, 12, 39, 38, 38, 30], 'IX': [903, 970, 944, 981, 1011, 1018, 893, 926, 859, 907], 'X': [125, 104, 108, 101, 113, 133, 116, 115, 123, 148], 'XI': [95, 97, 110, 108, 84, 94, 94, 91, 103, 102], 'XII': [0, 0, 0, 3, 5, 5, 1, 1, 3, 0], 'XIII': [0, 0, 0, 0, 1, 0, 4, 2, 2, 1], 'XIV': [28, 38, 25, 18, 36, 24, 10, 20, 16, 10], 'XVI': [1, 2, 2, 7, 1, 0, 1, 3, 4, 1], 'XVII': [1, 3, 3, 0, 1, 2, 2, 3, 2, 4], 'XVIII': [11, 8, 12, 19, 13, 11, 13, 19, 10, 6], 'XX': [91, 95, 97, 80, 93, 75, 82, 84, 91, 96]}
'Ostrava-mìsto';{'I': [26, 21, 24, 40, 51, 34, 58, 91, 55, 57], 'II': [974, 977, 938, 930, 920, 979, 988, 981, 969, 907], 'III': [4, 0, 6, 5, 9, 2, 4, 2, 2, 7], 'IV': [50, 45, 70, 69, 81, 86, 122, 94, 156, 157], 'V': [6, 2, 5, 8, 3, 9, 22, 15, 37, 30], 'VI': [56, 31, 50, 47, 46, 29, 54, 41, 64, 60], 'IX': [1824, 1685, 1831, 1739, 1767, 1804, 1773, 1683, 1549, 1610], 'X': [205, 199, 183, 165, 210, 207, 221, 205, 255, 256], 'XI': [224, 218, 193, 244, 250, 230, 227, 217, 228, 199], 'XII': [0, 3, 3, 14, 15, 6, 7, 10, 5, 8], 'XIII': [1, 4, 0, 2, 1, 4, 4, 1, 2, 16], 'XIV': [48, 76, 65, 53, 69, 48, 44, 45, 51, 48], 'XVI': [9, 4, 3, 4, 2, 5, 8, 3, 6, 5], 'XVII': [5, 3, 8, 6, 8, 5, 4, 6, 10, 4], 'XVIII': [33, 45, 70, 60, 52, 56, 42, 40, 45, 47], 'XX': [191, 189, 200, 206, 179, 191, 209, 204, 164, 219]}
'Pardubice';{'I': [8, 5, 9, 16, 16, 20, 29, 44, 50, 62], 'II': [448, 468, 409, 444, 416, 402, 450, 480, 452, 444], 'III': [1, 1, 1, 5, 6, 3, 1, 6, 3, 3], 'IV': [37, 20, 37, 39, 29, 37, 46, 54, 69, 55], 'V': [5, 1, 3, 1, 0, 0, 14, 11, 9, 18], 'VI': [45, 28, 21, 14, 20, 19, 36, 66, 57, 61], 'IX': [801, 838, 823, 822, 807, 771, 837, 772, 797, 701], 'X': [112, 124, 76, 102, 106, 133, 88, 96, 109, 106], 'XI': [56, 65, 55, 57, 51, 74, 68, 71, 67, 74], 'XII': [0, 0, 1, 2, 0, 0, 2, 4, 1, 1], 'XIII': [1, 1, 0, 0, 1, 1, 2, 6, 1, 1], 'XIV': [25, 32, 18, 29, 27, 28, 26, 26, 18, 17], 'XVI': [5, 3, 3, 2, 2, 3, 4, 0, 1, 2], 'XVII': [1, 1, 1, 1, 3, 2, 1, 1, 3, 2], 'XVIII': [9, 13, 20, 22, 20, 49, 17, 21, 38, 58], 'XX': [94, 94, 100, 111, 80, 111, 93, 102, 101, 82]}
'Pelhøimov';{'I': [2, 1, 3, 1, 5, 2, 7, 6, 8, 11], 'II': [201, 190, 195, 196, 199, 197, 199, 197, 190, 196], 'III': [0, 1, 3, 2, 1, 1, 0, 1, 3, 4], 'IV': [7, 6, 17, 18, 15, 19, 28, 17, 36, 44], 'V': [0, 0, 0, 0, 0, 0, 8, 15, 11, 7], 'VI': [18, 12, 2, 6, 4, 7, 15, 13, 18, 25], 'IX': [486, 405, 396, 356, 391, 417, 393, 424, 400, 371], 'X': [51, 50, 49, 54, 66, 48, 56, 43, 64, 52], 'XI': [28, 32, 27, 23, 37, 14, 22, 24, 31, 32], 'XII': [0, 0, 0, 0, 0, 0, 1, 0, 1, 2], 'XIII': [0, 0, 0, 0, 0, 0, 0, 3, 3, 2], 'XIV': [13, 16, 16, 10, 11, 14, 16, 10, 9, 6], 'XVI': [2, 0, 2, 1, 1, 0, 1, 2, 0, 0], 'XVII': [0, 1, 1, 2, 1, 2, 1, 2, 2, 2], 'XVIII': [4, 2, 2, 6, 3, 6, 2, 5, 0, 2], 'XX': [30, 26, 43, 42, 37, 30, 50, 33, 26, 40]}
'Plzeò-jih';{'I': [1, 2, 4, 7, 13, 3, 10, 10, 7, 5], 'II': [184, 175, 172, 169, 175, 156, 177, 186, 164, 168], 'III': [1, 0, 0, 1, 1, 1, 0, 2, 6, 3], 'IV': [3, 2, 12, 13, 19, 10, 21, 20, 34, 35], 'V': [3, 2, 1, 0, 0, 2, 24, 25, 15, 10], 'VI': [29, 25, 7, 5, 2, 4, 8, 27, 18, 27], 'IX': [276, 320, 281, 290, 316, 285, 329, 327, 304, 285], 'X': [57, 36, 50, 56, 59, 50, 40, 36, 39, 31], 'XI': [30, 31, 24, 20, 25, 14, 23, 22, 29, 22], 'XII': [0, 0, 1, 2, 1, 2, 3, 1, 1, 5], 'XIII': [0, 0, 0, 0, 0, 0, 2, 2, 1, 0], 'XIV': [6, 10, 8, 9, 5, 6, 9, 10, 12, 5], 'XVI': [1, 1, 0, 0, 2, 0, 1, 0, 0, 0], 'XVII': [1, 0, 1, 0, 1, 2, 2, 2, 1, 0], 'XVIII': [5, 1, 8, 7, 10, 8, 2, 3, 10, 3], 'XX': [34, 27, 29, 41, 34, 38, 32, 25, 39, 48]}
'Plzeò-mìsto';{'I': [6, 0, 6, 23, 30, 29, 28, 18, 16, 29], 'II': [570, 648, 552, 564, 547, 525, 539, 543, 489, 479], 'III': [1, 3, 2, 3, 2, 1, 5, 1, 10, 8], 'IV': [12, 5, 30, 39, 31, 38, 59, 60, 69, 57], 'V': [4, 6, 0, 5, 0, 5, 58, 36, 49, 48], 'VI': [85, 96, 34, 34, 20, 29, 43, 70, 65, 89], 'IX': [896, 879, 897, 794, 882, 942, 906, 891, 884, 787], 'X': [96, 110, 144, 152, 156, 124, 83, 92, 114, 108], 'XI': [71, 69, 56, 71, 73, 69, 70, 66, 85, 67], 'XII': [2, 0, 1, 1, 0, 2, 4, 3, 3, 3], 'XIII': [0, 0, 1, 0, 1, 0, 2, 2, 7, 5], 'XIV': [36, 36, 23, 18, 19, 22, 16, 22, 22, 27], 'XVI': [0, 2, 1, 2, 0, 2, 5, 3, 1, 4], 'XVII': [1, 0, 1, 3, 0, 1, 1, 1, 1, 2], 'XVIII': [12, 18, 19, 32, 31, 23, 18, 14, 25, 39], 'XX': [95, 77, 71, 100, 86, 93, 86, 88, 88, 105]}
'Plzeò-sever';{'I': [3, 0, 4, 8, 12, 10, 8, 12, 5, 11], 'II': [195, 219, 202, 223, 226, 223, 196, 189, 176, 204], 'III': [0, 2, 0, 1, 0, 1, 1, 0, 1, 6], 'IV': [6, 2, 20, 15, 13, 17, 25, 17, 32, 33], 'V': [0, 1, 3, 3, 0, 0, 12, 16, 10, 21], 'VI': [31, 31, 10, 8, 10, 3, 21, 20, 20, 23], 'IX': [373, 363, 330, 370, 382, 363, 336, 366, 357, 278], 'X': [49, 37, 43, 49, 41, 45, 26, 49, 38, 53], 'XI': [28, 31, 19, 21, 27, 19, 18, 25, 24, 29], 'XII': [0, 0, 0, 3, 0, 1, 0, 0, 0, 2], 'XIII': [0, 0, 0, 0, 2, 1, 4, 1, 1, 2], 'XIV': [17, 20, 7, 13, 7, 5, 4, 12, 4, 9], 'XVI': [1, 0, 3, 4, 1, 1, 0, 3, 2, 0], 'XVII': [1, 0, 2, 0, 0, 0, 0, 1, 1, 0], 'XVIII': [4, 3, 5, 8, 3, 4, 7, 6, 8, 12], 'XX': [50, 37, 35, 44, 45, 50, 41, 35, 33, 43]}
'Prachatice';{'I': [4, 3, 11, 7, 5, 7, 8, 14, 10, 10], 'II': [154, 135, 144, 132, 129, 140, 151, 141, 142, 148], 'III': [2, 1, 0, 0, 1, 1, 1, 2, 1, 1], 'IV': [10, 12, 17, 14, 10, 20, 17, 14, 27, 23], 'V': [4, 3, 1, 1, 1, 2, 6, 1, 7, 6], 'VI': [7, 4, 2, 4, 5, 5, 9, 15, 11, 15], 'IX': [289, 240, 247, 270, 229, 241, 233, 238, 210, 229], 'X': [27, 17, 34, 36, 27, 33, 21, 25, 43, 40], 'XI': [22, 27, 24, 25, 17, 12, 25, 21, 19, 21], 'XII': [1, 0, 0, 1, 0, 0, 0, 1, 0, 1], 'XIII': [0, 0, 0, 0, 1, 0, 0, 2, 1, 0], 'XIV': [5, 1, 10, 9, 8, 4, 15, 7, 12, 11], 'XVI': [1, 0, 2, 0, 0, 0, 1, 0, 1, 1], 'XVII': [0, 0, 0, 1, 1, 0, 0, 0, 0, 0], 'XVIII': [5, 6, 9, 12, 5, 7, 1, 3, 6, 7], 'XX': [43, 38, 33, 27, 24, 25, 33, 29, 28, 25]}
'Praha-východ';{'I': [4, 4, 1, 9, 8, 5, 14, 16, 12, 15], 'II': [309, 323, 344, 295, 318, 333, 308, 316, 331, 322], 'III': [1, 0, 0, 1, 2, 3, 2, 4, 1, 4], 'IV': [10, 15, 30, 22, 21, 28, 35, 39, 38, 28], 'V': [0, 2, 3, 1, 1, 1, 8, 15, 19, 21], 'VI': [26, 31, 14, 18, 6, 11, 29, 25, 33, 30], 'IX': [667, 582, 622, 654, 717, 610, 640, 620, 626, 577], 'X': [54, 38, 40, 48, 66, 55, 62, 82, 65, 68], 'XI': [48, 52, 41, 54, 43, 47, 52, 62, 43, 50], 'XII': [0, 0, 2, 1, 0, 0, 2, 2, 1, 1], 'XIII': [1, 1, 0, 1, 0, 2, 0, 4, 0, 1], 'XIV': [18, 19, 15, 10, 13, 18, 16, 18, 7, 7], 'XVI': [1, 2, 1, 1, 0, 2, 5, 0, 1, 0], 'XVII': [1, 1, 2, 1, 2, 1, 1, 0, 4, 0], 'XVIII': [16, 15, 26, 18, 24, 22, 15, 14, 29, 16], 'XX': [74, 52, 60, 72, 54, 64, 64, 76, 75, 68]}
'Praha-západ';{'I': [1, 3, 3, 4, 14, 9, 17, 17, 21, 15], 'II': [266, 253, 251, 257, 250, 256, 260, 252, 249, 273], 'III': [1, 0, 0, 0, 0, 0, 1, 0, 1, 2], 'IV': [12, 11, 24, 11, 13, 22, 30, 19, 32, 43], 'V': [1, 1, 1, 0, 1, 1, 9, 13, 7, 11], 'VI': [18, 25, 14, 19, 12, 12, 16, 22, 25, 22], 'IX': [474, 443, 458, 416, 461, 430, 510, 482, 475, 468], 'X': [47, 25, 44, 44, 54, 40, 37, 55, 73, 57], 'XI': [40, 42, 48, 41, 35, 45, 39, 23, 41, 41], 'XII': [0, 0, 1, 1, 0, 0, 0, 2, 3, 1], 'XIII': [1, 0, 0, 2, 0, 0, 1, 0, 4, 3], 'XIV': [5, 18, 7, 5, 9, 17, 5, 14, 14, 10], 'XVI': [2, 0, 0, 1, 2, 6, 0, 1, 2, 3], 'XVII': [2, 0, 1, 2, 2, 3, 2, 1, 2, 0], 'XVIII': [5, 14, 11, 19, 19, 31, 17, 13, 15, 9], 'XX': [59, 39, 43, 45, 53, 50, 68, 53, 58, 53]}
'Prostìjov';{'I': [0, 4, 3, 18, 13, 8, 13, 22, 16, 17], 'II': [335, 323, 275, 280, 287, 311, 254, 268, 268, 280], 'III': [2, 0, 1, 1, 5, 5, 1, 2, 1, 3], 'IV': [47, 38, 41, 31, 41, 50, 48, 39, 66, 64], 'V': [4, 2, 1, 0, 1, 1, 7, 4, 6, 11], 'VI': [20, 12, 5, 7, 10, 12, 17, 25, 24, 25], 'IX': [616, 549, 587, 624, 638, 710, 625, 593, 585, 549], 'X': [60, 69, 65, 74, 76, 57, 93, 76, 85, 83], 'XI': [65, 56, 73, 72, 83, 60, 49, 48, 57, 71], 'XII': [0, 0, 2, 3, 1, 2, 4, 3, 3, 3], 'XIII': [0, 0, 0, 1, 1, 1, 1, 1, 0, 1], 'XIV': [18, 25, 16, 16, 24, 27, 14, 27, 10, 8], 'XVI': [1, 3, 1, 1, 3, 5, 1, 2, 1, 2], 'XVII': [2, 1, 1, 0, 5, 0, 1, 2, 6, 2], 'XVIII': [7, 7, 9, 11, 12, 23, 10, 13, 9, 10], 'XX': [86, 83, 48, 81, 91, 63, 72, 72, 62, 83]}
'Písek';{'I': [11, 4, 7, 8, 9, 11, 10, 11, 10, 11], 'II': [214, 219, 225, 204, 199, 231, 184, 182, 213, 246], 'III': [0, 1, 0, 5, 0, 1, 2, 3, 3, 1], 'IV': [20, 22, 19, 21, 29, 23, 39, 37, 36, 24], 'V': [1, 1, 0, 2, 2, 2, 15, 11, 18, 10], 'VI': [17, 15, 7, 14, 2, 1, 15, 25, 26, 26], 'IX': [310, 357, 377, 371, 376, 364, 344, 361, 342, 310], 'X': [41, 39, 55, 42, 50, 43, 38, 47, 61, 66], 'XI': [22, 22, 29, 23, 32, 25, 17, 29, 18, 25], 'XII': [0, 0, 2, 1, 0, 0, 1, 0, 1, 3], 'XIII': [1, 1, 0, 1, 0, 0, 1, 1, 2, 2], 'XIV': [12, 9, 8, 5, 10, 13, 14, 10, 14, 11], 'XVI': [2, 0, 1, 0, 0, 2, 0, 5, 3, 0], 'XVII': [1, 1, 0, 1, 1, 0, 2, 1, 1, 0], 'XVIII': [8, 13, 12, 15, 13, 11, 6, 4, 8, 7], 'XX': [48, 43, 38, 64, 50, 54, 48, 41, 34, 36]}
'Pøerov';{'I': [2, 2, 7, 9, 9, 10, 13, 21, 21, 23], 'II': [362, 365, 354, 366, 353, 379, 380, 370, 355, 364], 'III': [1, 0, 1, 0, 5, 3, 2, 3, 3, 2], 'IV': [23, 14, 34, 22, 28, 19, 33, 28, 51, 59], 'V': [4, 5, 2, 4, 4, 3, 6, 6, 9, 3], 'VI': [21, 29, 11, 10, 9, 18, 25, 26, 42, 26], 'IX': [707, 626, 736, 731, 751, 673, 636, 675, 692, 647], 'X': [45, 77, 75, 70, 79, 75, 73, 87, 110, 84], 'XI': [62, 66, 86, 58, 73, 78, 71, 65, 77, 60], 'XII': [0, 2, 0, 0, 0, 2, 2, 2, 2, 2], 'XIII': [1, 1, 0, 2, 1, 1, 1, 0, 2, 4], 'XIV': [16, 15, 11, 22, 22, 15, 22, 17, 16, 13], 'XVI': [0, 1, 4, 0, 3, 3, 1, 2, 0, 0], 'XVII': [1, 2, 3, 3, 1, 0, 3, 2, 2, 2], 'XVIII': [5, 9, 10, 14, 16, 23, 21, 31, 10, 17], 'XX': [101, 92, 91, 91, 80, 71, 87, 95, 86, 79]}
'Pøíbram';{'I': [2, 3, 11, 12, 18, 11, 14, 14, 15, 29], 'II': [327, 312, 303, 321, 345, 331, 340, 337, 344, 354], 'III': [1, 2, 2, 1, 2, 1, 0, 4, 5, 3], 'IV': [22, 31, 33, 27, 20, 48, 51, 38, 56, 44], 'V': [5, 3, 1, 2, 2, 4, 14, 11, 12, 10], 'VI': [23, 20, 11, 27, 10, 10, 24, 25, 27, 26], 'IX': [685, 627, 589, 595, 615, 578, 599, 571, 583, 504], 'X': [47, 32, 37, 54, 63, 53, 57, 70, 58, 64], 'XI': [60, 54, 34, 42, 52, 40, 55, 49, 37, 50], 'XII': [0, 3, 2, 0, 1, 1, 0, 0, 2, 2], 'XIII': [1, 0, 0, 2, 2, 1, 1, 2, 2, 2], 'XIV': [26, 14, 13, 19, 12, 16, 15, 16, 10, 14], 'XVI': [2, 0, 2, 4, 1, 4, 1, 1, 1, 2], 'XVII': [0, 1, 3, 4, 2, 0, 1, 3, 5, 5], 'XVIII': [11, 11, 23, 17, 16, 27, 8, 16, 16, 8], 'XX': [65, 62, 46, 71, 67, 56, 44, 82, 65, 42]}
'Rakovník';{'I': [1, 2, 3, 8, 4, 4, 9, 9, 17, 11], 'II': [140, 177, 147, 149, 172, 158, 146, 130, 144, 163], 'III': [0, 1, 2, 1, 0, 1, 2, 0, 2, 0], 'IV': [11, 10, 32, 39, 17, 22, 22, 29, 18, 18], 'V': [2, 2, 1, 1, 0, 1, 6, 3, 6, 9], 'VI': [16, 11, 7, 6, 3, 6, 5, 12, 8, 9], 'IX': [311, 317, 281, 292, 282, 264, 288, 304, 279, 273], 'X': [33, 23, 30, 23, 37, 45, 37, 43, 50, 41], 'XI': [19, 23, 20, 32, 35, 20, 25, 15, 13, 19], 'XII': [0, 1, 0, 0, 0, 1, 2, 2, 2, 1], 'XIII': [0, 0, 0, 0, 0, 0, 1, 1, 0, 3], 'XIV': [11, 4, 3, 8, 4, 4, 5, 10, 6, 1], 'XVI': [0, 1, 0, 1, 1, 1, 0, 0, 0, 1], 'XVII': [1, 1, 1, 2, 2, 1, 1, 0, 1, 0], 'XVIII': [3, 6, 7, 2, 10, 8, 8, 10, 11, 1], 'XX': [45, 30, 31, 36, 35, 34, 31, 37, 36, 31]}
'Rokycany';{'I': [1, 3, 3, 8, 5, 6, 8, 9, 15, 6], 'II': [135, 144, 149, 155, 149, 139, 157, 138, 135, 148], 'III': [2, 1, 0, 1, 1, 0, 2, 2, 3, 1], 'IV': [2, 9, 16, 8, 4, 11, 13, 25, 39, 28], 'V': [2, 1, 0, 1, 0, 1, 6, 3, 3, 5], 'VI': [17, 20, 5, 5, 5, 8, 17, 5, 13, 21], 'IX': [280, 295, 294, 277, 278, 306, 260, 259, 267, 241], 'X': [29, 24, 34, 42, 46, 36, 40, 37, 34, 36], 'XI': [19, 21, 27, 16, 13, 25, 24, 28, 23, 21], 'XII': [0, 0, 0, 4, 3, 1, 4, 2, 3, 2], 'XIII': [0, 0, 0, 0, 0, 0, 0, 3, 0, 0], 'XIV': [4, 9, 4, 8, 6, 10, 7, 13, 2, 6], 'XVI': [1, 3, 1, 2, 1, 0, 1, 0, 1, 2], 'XVII': [0, 1, 0, 0, 2, 1, 1, 2, 0, 0], 'XVIII': [2, 1, 3, 3, 2, 5, 6, 2, 3, 8], 'XX': [22, 24, 20, 31, 23, 18, 24, 25, 28, 23]}
'Rychnov nad Knìžnou';{'I': [1, 2, 5, 6, 10, 9, 8, 13, 10, 10], 'II': [217, 198, 200, 183, 168, 193, 175, 185, 185, 210], 'III': [1, 1, 2, 1, 1, 1, 0, 0, 2, 0], 'IV': [14, 16, 17, 13, 15, 16, 14, 18, 22, 19], 'V': [2, 0, 0, 0, 2, 0, 5, 7, 11, 16], 'VI': [14, 3, 21, 9, 6, 13, 15, 17, 15, 24], 'IX': [408, 432, 450, 440, 467, 410, 419, 442, 377, 372], 'X': [37, 52, 26, 40, 48, 56, 52, 72, 77, 48], 'XI': [29, 35, 30, 26, 24, 33, 29, 25, 26, 24], 'XII': [1, 0, 0, 0, 2, 0, 0, 2, 1, 2], 'XIII': [1, 1, 2, 1, 1, 1, 1, 2, 3, 1], 'XIV': [11, 10, 5, 8, 10, 13, 12, 12, 11, 10], 'XVI': [0, 0, 1, 1, 1, 0, 0, 0, 1, 0], 'XVII': [0, 2, 0, 0, 0, 0, 3, 1, 0, 2], 'XVIII': [13, 7, 6, 9, 20, 7, 7, 4, 12, 18], 'XX': [47, 40, 37, 42, 46, 42, 39, 41, 34, 44]}
'Semily';{'I': [5, 3, 7, 8, 13, 9, 14, 20, 10, 15], 'II': [199, 191, 191, 165, 193, 191, 185, 188, 206, 189], 'III': [1, 0, 0, 0, 2, 0, 1, 1, 2, 2], 'IV': [18, 7, 25, 23, 16, 11, 15, 23, 36, 31], 'V': [3, 3, 2, 2, 0, 1, 8, 3, 6, 5], 'VI': [13, 21, 13, 3, 4, 7, 14, 19, 13, 17], 'IX': [399, 388, 439, 483, 446, 434, 423, 445, 418, 395], 'X': [36, 43, 41, 37, 38, 43, 26, 39, 50, 37], 'XI': [44, 38, 20, 32, 31, 42, 28, 38, 31, 27], 'XII': [0, 0, 0, 0, 1, 0, 1, 1, 0, 1], 'XIII': [0, 1, 0, 0, 0, 1, 2, 5, 2, 2], 'XIV': [19, 16, 9, 11, 12, 4, 10, 7, 5, 15], 'XVI': [1, 0, 1, 0, 1, 0, 2, 2, 1, 0], 'XVII': [2, 0, 1, 1, 0, 0, 0, 1, 0, 0], 'XVIII': [1, 5, 10, 4, 4, 4, 3, 5, 9, 6], 'XX': [59, 40, 54, 33, 48, 54, 55, 43, 48, 50]}
'Sokolov';{'I': [3, 5, 6, 11, 8, 8, 11, 10, 13, 12], 'II': [196, 248, 253, 244, 275, 253, 261, 258, 219, 232], 'III': [1, 1, 2, 1, 2, 2, 0, 1, 2, 5], 'IV': [6, 12, 29, 12, 3, 11, 15, 12, 32, 33], 'V': [5, 4, 7, 3, 0, 2, 12, 10, 19, 14], 'VI': [12, 11, 13, 11, 14, 8, 29, 25, 23, 20], 'IX': [388, 421, 351, 419, 422, 415, 425, 444, 448, 419], 'X': [50, 48, 64, 61, 69, 78, 62, 57, 76, 73], 'XI': [41, 45, 44, 50, 39, 37, 35, 32, 33, 39], 'XII': [1, 4, 0, 3, 1, 3, 1, 0, 0, 0], 'XIII': [0, 1, 0, 0, 0, 0, 1, 0, 2, 0], 'XIV': [10, 22, 18, 14, 15, 14, 6, 5, 7, 5], 'XVI': [1, 1, 5, 3, 1, 3, 5, 1, 0, 2], 'XVII': [5, 3, 0, 1, 0, 2, 3, 2, 2, 0], 'XVIII': [6, 8, 12, 2, 5, 8, 7, 9, 10, 10], 'XX': [59, 53, 46, 55, 60, 65, 37, 54, 50, 52]}
'Strakonice';{'I': [4, 4, 10, 4, 10, 4, 5, 13, 13, 12], 'II': [204, 198, 188, 202, 205, 211, 206, 236, 220, 182], 'III': [1, 2, 0, 2, 2, 1, 1, 1, 4, 1], 'IV': [20, 31, 28, 29, 20, 31, 25, 32, 28, 26], 'V': [3, 1, 0, 2, 0, 1, 11, 7, 10, 15], 'VI': [20, 32, 9, 20, 10, 4, 17, 32, 32, 28], 'IX': [399, 308, 310, 357, 358, 350, 345, 312, 329, 307], 'X': [45, 35, 61, 50, 55, 57, 46, 51, 48, 53], 'XI': [30, 34, 33, 25, 30, 23, 32, 27, 35, 24], 'XII': [1, 0, 0, 3, 1, 1, 2, 4, 3, 0], 'XIII': [1, 1, 1, 2, 0, 2, 2, 1, 2, 3], 'XIV': [13, 15, 10, 15, 11, 5, 14, 13, 6, 13], 'XVI': [1, 0, 2, 2, 1, 1, 3, 1, 1, 1], 'XVII': [2, 0, 1, 0, 1, 1, 0, 1, 1, 2], 'XVIII': [6, 11, 8, 12, 7, 5, 6, 5, 3, 9], 'XX': [56, 61, 52, 60, 53, 46, 36, 50, 41, 35]}
'Svitavy';{'I': [9, 5, 8, 13, 10, 18, 16, 12, 11, 20], 'II': [281, 284, 245, 268, 254, 288, 257, 281, 280, 219], 'III': [4, 1, 1, 2, 2, 0, 4, 2, 1, 0], 'IV': [29, 26, 26, 28, 24, 21, 32, 35, 56, 53], 'V': [0, 1, 2, 0, 0, 1, 11, 12, 13, 18], 'VI': [18, 20, 20, 16, 4, 4, 16, 30, 25, 34], 'IX': [466, 519, 532, 512, 496, 508, 590, 519, 465, 484], 'X': [113, 94, 69, 73, 94, 69, 67, 77, 94, 68], 'XI': [63, 52, 42, 51, 54, 43, 50, 51, 38, 46], 'XII': [1, 1, 1, 2, 0, 0, 5, 1, 4, 0], 'XIII': [2, 1, 3, 0, 0, 0, 3, 2, 3, 2], 'XIV': [11, 13, 8, 11, 23, 23, 13, 12, 22, 11], 'XVI': [0, 2, 0, 2, 3, 1, 3, 1, 0, 3], 'XVII': [2, 3, 2, 3, 1, 3, 3, 2, 4, 2], 'XVIII': [3, 5, 6, 5, 4, 7, 5, 6, 17, 11], 'XX': [67, 72, 74, 79, 55, 68, 82, 76, 64, 58]}
'Tachov';{'I': [2, 1, 1, 5, 5, 7, 4, 5, 6, 7], 'II': [123, 145, 130, 142, 136, 144, 133, 141, 124, 148], 'III': [2, 1, 2, 0, 2, 1, 0, 1, 1, 0], 'IV': [7, 0, 13, 7, 8, 8, 18, 23, 25, 24], 'V': [3, 1, 2, 1, 0, 2, 7, 7, 5, 6], 'VI': [13, 9, 8, 7, 10, 3, 9, 9, 12, 13], 'IX': [210, 233, 218, 227, 215, 205, 212, 206, 250, 182], 'X': [42, 23, 29, 27, 34, 23, 22, 33, 48, 31], 'XI': [26, 27, 18, 17, 19, 28, 16, 23, 26, 15], 'XII': [0, 0, 0, 1, 0, 0, 0, 1, 1, 1], 'XIII': [0, 0, 0, 0, 1, 0, 0, 2, 1, 2], 'XIV': [6, 6, 6, 4, 6, 4, 5, 4, 6, 5], 'XVI': [0, 2, 1, 0, 1, 0, 1, 1, 2, 0], 'XVII': [0, 1, 0, 0, 1, 0, 1, 3, 1, 0], 'XVIII': [2, 3, 3, 5, 5, 4, 11, 3, 6, 5], 'XX': [23, 31, 39, 34, 37, 46, 37, 35, 31, 15]}
'Teplice';{'I': [8, 9, 5, 13, 13, 9, 13, 17, 13, 22], 'II': [375, 402, 400, 407, 350, 372, 395, 338, 366, 383], 'III': [0, 2, 3, 7, 0, 3, 2, 1, 1, 1], 'IV': [15, 23, 36, 34, 38, 46, 54, 68, 76, 64], 'V': [2, 3, 0, 4, 2, 0, 8, 6, 13, 7], 'VI': [23, 27, 31, 25, 17, 18, 36, 41, 42, 30], 'IX': [765, 726, 672, 773, 795, 742, 719, 764, 716, 697], 'X': [55, 54, 53, 80, 70, 56, 55, 70, 86, 80], 'XI': [97, 68, 64, 63, 67, 64, 70, 75, 65, 74], 'XII': [3, 1, 2, 1, 1, 3, 2, 3, 1, 1], 'XIII': [3, 1, 1, 0, 2, 2, 1, 3, 1, 3], 'XIV': [16, 27, 24, 28, 18, 31, 21, 16, 23, 24], 'XVI': [8, 5, 10, 3, 2, 3, 3, 3, 1, 1], 'XVII': [2, 0, 4, 1, 3, 2, 3, 2, 0, 1], 'XVIII': [8, 18, 16, 7, 9, 16, 10, 5, 25, 14], 'XX': [92, 105, 106, 91, 82, 89, 71, 78, 68, 80]}
'Trutnov';{'I': [6, 5, 3, 10, 10, 6, 10, 25, 17, 24], 'II': [342, 342, 287, 304, 353, 328, 329, 306, 368, 317], 'III': [2, 2, 1, 2, 2, 1, 1, 3, 3, 3], 'IV': [21, 24, 31, 22, 38, 32, 32, 31, 41, 34], 'V': [2, 0, 2, 4, 0, 2, 18, 8, 10, 6], 'VI': [16, 18, 8, 11, 4, 7, 28, 25, 26, 23], 'IX': [671, 630, 594, 611, 723, 600, 610, 612, 616, 578], 'X': [75, 74, 66, 65, 78, 75, 56, 70, 93, 64], 'XI': [53, 61, 59, 51, 37, 42, 47, 41, 44, 48], 'XII': [0, 0, 0, 1, 0, 1, 3, 2, 1, 2], 'XIII': [0, 1, 1, 1, 1, 0, 1, 1, 3, 0], 'XIV': [13, 23, 17, 12, 14, 16, 18, 15, 11, 16], 'XVI': [4, 2, 2, 1, 0, 1, 1, 1, 0, 3], 'XVII': [2, 0, 2, 0, 1, 1, 1, 6, 0, 1], 'XVIII': [7, 11, 11, 7, 8, 7, 11, 11, 19, 22], 'XX': [77, 74, 80, 59, 82, 66, 75, 82, 65, 72]}
'Tábor';{'I': [8, 3, 7, 13, 7, 16, 10, 12, 7, 19], 'II': [283, 288, 321, 290, 310, 266, 275, 293, 293, 317], 'III': [0, 0, 1, 2, 1, 1, 4, 2, 2, 2], 'IV': [25, 32, 27, 29, 20, 37, 32, 25, 42, 44], 'V': [2, 1, 0, 0, 0, 3, 6, 5, 6, 5], 'VI': [24, 27, 5, 17, 9, 4, 20, 21, 22, 23], 'IX': [491, 493, 497, 484, 475, 521, 511, 528, 549, 481], 'X': [65, 76, 86, 86, 91, 87, 87, 80, 96, 96], 'XI': [33, 41, 42, 29, 37, 34, 29, 34, 41, 31], 'XII': [1, 0, 0, 1, 0, 1, 0, 2, 1, 2], 'XIII': [0, 0, 2, 1, 3, 1, 0, 0, 4, 4], 'XIV': [15, 10, 14, 14, 11, 15, 12, 16, 19, 15], 'XVI': [1, 2, 0, 1, 1, 2, 2, 2, 2, 2], 'XVII': [2, 2, 0, 1, 0, 3, 1, 0, 0, 0], 'XVIII': [6, 13, 16, 24, 17, 14, 12, 9, 15, 10], 'XX': [80, 63, 65, 56, 64, 57, 53, 61, 56, 71]}
'Tøebíè';{'I': [3, 0, 3, 3, 9, 11, 19, 11, 10, 9], 'II': [323, 276, 285, 288, 240, 273, 268, 284, 249, 283], 'III': [1, 0, 1, 2, 2, 0, 0, 4, 1, 1], 'IV': [7, 5, 14, 13, 30, 15, 22, 25, 61, 39], 'V': [1, 0, 3, 0, 0, 0, 1, 7, 4, 3], 'VI': [21, 13, 8, 12, 2, 16, 23, 26, 32, 28], 'IX': [624, 584, 641, 566, 686, 572, 583, 605, 534, 529], 'X': [81, 71, 82, 78, 87, 92, 59, 75, 75, 61], 'XI': [47, 29, 52, 39, 47, 43, 51, 37, 37, 35], 'XII': [0, 0, 0, 0, 0, 0, 2, 0, 1, 0], 'XIII': [0, 0, 1, 1, 1, 1, 2, 2, 0, 2], 'XIV': [17, 21, 6, 20, 11, 21, 14, 12, 24, 20], 'XVI': [3, 0, 4, 2, 1, 1, 2, 2, 1, 0], 'XVII': [0, 0, 2, 2, 1, 1, 1, 5, 0, 1], 'XVIII': [10, 8, 6, 6, 8, 9, 4, 11, 6, 6], 'XX': [66, 47, 63, 76, 57, 54, 67, 48, 59, 65]}
'Uherské Hradištì';{'I': [5, 2, 3, 9, 5, 6, 17, 16, 12, 17], 'II': [352, 321, 323, 357, 356, 338, 372, 318, 352, 371], 'III': [0, 1, 0, 0, 2, 2, 3, 1, 3, 5], 'IV': [29, 19, 27, 31, 18, 22, 18, 29, 59, 61], 'V': [18, 10, 7, 3, 1, 8, 4, 6, 8, 13], 'VI': [25, 25, 15, 9, 13, 21, 17, 33, 26, 30], 'IX': [821, 737, 709, 786, 795, 876, 753, 762, 796, 739], 'X': [86, 123, 98, 78, 70, 58, 76, 83, 88, 87], 'XI': [96, 77, 78, 59, 73, 76, 54, 75, 70, 72], 'XII': [0, 2, 1, 0, 0, 0, 3, 2, 1, 1], 'XIII': [0, 0, 1, 0, 1, 2, 4, 5, 1, 3], 'XIV': [21, 26, 12, 7, 16, 13, 15, 31, 21, 16], 'XVI': [3, 1, 0, 2, 7, 3, 1, 1, 5, 5], 'XVII': [3, 1, 5, 0, 6, 6, 5, 4, 4, 5], 'XVIII': [3, 18, 41, 28, 27, 20, 13, 21, 16, 11], 'XX': [105, 99, 96, 95, 111, 84, 108, 93, 86, 81]}
'Vsetín';{'I': [3, 4, 7, 12, 18, 15, 12, 16, 22, 30], 'II': [329, 351, 297, 331, 350, 317, 363, 338, 320, 385], 'III': [1, 3, 1, 1, 1, 0, 2, 2, 2, 5], 'IV': [39, 34, 29, 40, 46, 28, 37, 30, 75, 70], 'V': [11, 13, 14, 16, 14, 7, 15, 13, 11, 20], 'VI': [18, 18, 16, 11, 14, 13, 20, 32, 33, 28], 'IX': [843, 707, 717, 745, 777, 779, 695, 800, 701, 731], 'X': [62, 72, 85, 58, 63, 86, 89, 78, 83, 71], 'XI': [68, 76, 86, 78, 74, 95, 93, 83, 83, 79], 'XII': [1, 1, 1, 1, 2, 2, 6, 7, 1, 5], 'XIII': [0, 0, 0, 1, 1, 0, 3, 1, 1, 1], 'XIV': [18, 25, 18, 20, 15, 18, 28, 19, 15, 21], 'XVI': [1, 0, 2, 1, 3, 3, 1, 0, 2, 6], 'XVII': [2, 4, 3, 0, 1, 3, 5, 2, 5, 3], 'XVIII': [7, 8, 13, 13, 23, 14, 17, 20, 9, 12], 'XX': [110, 110, 113, 85, 90, 112, 99, 89, 95, 76]}
'Vyškov';{'I': [2, 0, 5, 4, 3, 7, 5, 12, 9, 10], 'II': [221, 229, 208, 201, 208, 225, 260, 205, 250, 255], 'III': [0, 3, 2, 2, 1, 0, 1, 3, 0, 1], 'IV': [9, 7, 18, 21, 19, 14, 12, 20, 34, 36], 'V': [1, 3, 3, 3, 0, 0, 11, 20, 15, 8], 'VI': [8, 16, 11, 7, 14, 10, 9, 13, 12, 19], 'IX': [556, 497, 491, 493, 429, 483, 466, 467, 448, 424], 'X': [29, 27, 39, 31, 29, 39, 31, 29, 35, 42], 'XI': [32, 29, 44, 36, 43, 38, 36, 43, 32, 44], 'XII': [1, 1, 0, 1, 0, 1, 1, 0, 1, 1], 'XIII': [1, 4, 3, 1, 2, 1, 2, 9, 3, 2], 'XIV': [8, 8, 12, 11, 10, 11, 10, 6, 9, 10], 'XVI': [1, 5, 2, 3, 1, 1, 0, 1, 0, 5], 'XVII': [0, 0, 2, 0, 1, 3, 1, 1, 1, 0], 'XVIII': [4, 8, 12, 10, 9, 6, 12, 5, 14, 6], 'XX': [58, 50, 40, 41, 48, 43, 42, 50, 41, 45]}
'Zlín';{'I': [5, 7, 8, 17, 17, 24, 18, 21, 38, 29], 'II': [487, 491, 459, 432, 480, 491, 471, 441, 453, 496], 'III': [1, 0, 0, 3, 2, 3, 0, 2, 1, 0], 'IV': [13, 8, 33, 31, 24, 31, 40, 43, 63, 56], 'V': [10, 3, 4, 6, 5, 6, 9, 9, 11, 8], 'VI': [22, 22, 18, 20, 14, 12, 34, 35, 43, 46], 'IX': [1148, 1135, 1081, 1123, 1136, 1086, 1123, 1063, 1100, 981], 'X': [81, 73, 81, 79, 91, 72, 73, 74, 126, 103], 'XI': [97, 95, 107, 107, 100, 102, 87, 68, 78, 81], 'XII': [0, 0, 0, 1, 0, 2, 3, 0, 3, 0], 'XIII': [0, 1, 2, 3, 0, 2, 0, 11, 7, 4], 'XIV': [29, 21, 23, 23, 16, 19, 15, 15, 20, 24], 'XVI': [1, 2, 6, 4, 3, 2, 6, 3, 2, 4], 'XVII': [4, 2, 3, 2, 0, 4, 2, 1, 3, 3], 'XVIII': [11, 10, 10, 13, 29, 28, 27, 21, 23, 13], 'XX': [126, 81, 99, 114, 98, 111, 92, 96, 104, 111]}
'Znojmo';{'I': [1, 2, 7, 7, 11, 5, 4, 8, 7, 11], 'II': [330, 306, 321, 312, 286, 320, 258, 297, 232, 310], 'III': [3, 1, 4, 1, 0, 5, 5, 2, 6, 0], 'IV': [9, 7, 25, 22, 35, 26, 32, 21, 54, 66], 'V': [6, 2, 4, 8, 4, 3, 10, 12, 23, 30], 'VI': [16, 10, 15, 11, 10, 11, 24, 37, 38, 33], 'IX': [657, 615, 570, 567, 571, 586, 566, 512, 538, 482], 'X': [54, 46, 59, 60, 85, 95, 77, 90, 96, 75], 'XI': [40, 41, 57, 48, 39, 53, 45, 54, 47, 54], 'XII': [1, 0, 1, 0, 0, 0, 2, 2, 0, 0], 'XIII': [1, 0, 1, 2, 0, 0, 2, 3, 0, 4], 'XIV': [12, 18, 15, 17, 26, 21, 13, 20, 10, 14], 'XVI': [1, 1, 1, 0, 0, 3, 3, 3, 1, 2], 'XVII': [3, 0, 5, 0, 2, 2, 2, 0, 3, 2], 'XVIII': [24, 12, 14, 13, 14, 24, 13, 15, 12, 5], 'XX': [60, 72, 70, 35, 44, 56, 50, 61, 73, 56]}
'Ústí nad Labem';{'I': [0, 5, 20, 11, 13, 12, 14, 13, 17, 19], 'II': [363, 315, 349, 382, 333, 363, 368, 336, 360, 359], 'III': [1, 3, 2, 2, 0, 2, 3, 4, 1, 2], 'IV': [10, 12, 25, 22, 20, 28, 41, 28, 59, 35], 'V': [2, 3, 0, 4, 4, 3, 24, 30, 29, 26], 'VI': [29, 27, 30, 24, 13, 12, 31, 45, 45, 35], 'IX': [581, 562, 498, 535, 549, 572, 515, 515, 564, 466], 'X': [61, 60, 56, 68, 73, 85, 61, 59, 55, 76], 'XI': [74, 65, 63, 56, 55, 64, 53, 52, 51, 52], 'XII': [0, 2, 0, 1, 0, 3, 3, 5, 3, 0], 'XIII': [0, 3, 0, 0, 1, 0, 0, 4, 4, 2], 'XIV': [31, 27, 35, 20, 19, 14, 17, 17, 12, 20], 'XVI': [5, 6, 4, 4, 5, 3, 6, 7, 3, 2], 'XVII': [4, 1, 2, 2, 3, 2, 3, 1, 2, 2], 'XVIII': [9, 8, 17, 17, 13, 16, 12, 7, 15, 14], 'XX': [76, 55, 85, 88, 85, 87, 84, 94, 58, 63]}
'Ústí nad Orlicí';{'I': [7, 6, 11, 10, 11, 12, 28, 20, 20, 24], 'II': [343, 344, 342, 333, 324, 341, 324, 312, 320, 302], 'III': [1, 1, 0, 3, 0, 0, 0, 2, 1, 2], 'IV': [16, 5, 21, 25, 27, 19, 35, 31, 61, 54], 'V': [1, 0, 0, 1, 0, 2, 7, 5, 5, 12], 'VI': [19, 16, 16, 20, 14, 10, 31, 25, 40, 32], 'IX': [717, 682, 747, 633, 661, 726, 705, 695, 658, 699], 'X': [92, 90, 81, 110, 127, 104, 103, 88, 115, 99], 'XI': [62, 52, 49, 56, 51, 49, 48, 45, 43, 37], 'XII': [0, 0, 0, 0, 0, 0, 0, 0, 1, 3], 'XIII': [0, 0, 1, 0, 1, 0, 1, 2, 3, 3], 'XIV': [15, 23, 10, 22, 16, 15, 11, 10, 16, 11], 'XVI': [2, 2, 2, 2, 1, 1, 1, 1, 0, 0], 'XVII': [1, 3, 2, 4, 1, 0, 2, 2, 2, 2], 'XVIII': [5, 7, 7, 4, 12, 11, 10, 13, 15, 20], 'XX': [66, 74, 90, 83, 95, 80, 82, 82, 97, 70]}
'Èeská Lípa';{'I': [3, 5, 5, 7, 2, 4, 10, 6, 2, 13], 'II': [252, 235, 229, 262, 275, 302, 248, 257, 254, 239], 'III': [4, 0, 0, 2, 2, 0, 4, 2, 2, 2], 'IV': [17, 28, 19, 31, 38, 29, 32, 41, 44, 53], 'V': [1, 0, 1, 3, 0, 3, 13, 10, 12, 6], 'VI': [18, 15, 11, 7, 4, 6, 14, 10, 13, 12], 'IX': [429, 455, 487, 468, 411, 479, 422, 436, 437, 483], 'X': [47, 52, 39, 58, 48, 63, 48, 39, 62, 58], 'XI': [33, 39, 38, 37, 46, 34, 37, 38, 51, 37], 'XII': [0, 0, 2, 0, 1, 2, 0, 1, 0, 1], 'XIII': [0, 0, 1, 0, 1, 1, 3, 2, 1, 2], 'XIV': [14, 17, 22, 9, 9, 15, 10, 9, 17, 14], 'XVI': [5, 3, 2, 4, 2, 1, 3, 0, 4, 0], 'XVII': [1, 1, 1, 2, 2, 0, 2, 1, 0, 3], 'XVIII': [7, 7, 10, 9, 9, 16, 3, 11, 17, 9], 'XX': [67, 58, 60, 62, 72, 73, 55, 55, 49, 52]}
'Èeské Budìjovice';{'I': [16, 21, 19, 14, 9, 6, 15, 41, 49, 48], 'II': [525, 498, 478, 537, 485, 509, 470, 500, 444, 487], 'III': [2, 1, 1, 2, 2, 3, 4, 1, 0, 2], 'IV': [28, 35, 38, 52, 42, 55, 64, 67, 60, 69], 'V': [2, 2, 0, 1, 1, 2, 23, 17, 14, 12], 'VI': [29, 45, 10, 23, 19, 10, 40, 37, 35, 43], 'IX': [840, 891, 805, 840, 959, 927, 858, 857, 874, 712], 'X': [84, 68, 113, 69, 110, 120, 122, 140, 138, 155], 'XI': [67, 61, 63, 65, 60, 49, 57, 64, 69, 64], 'XII': [0, 0, 3, 2, 2, 0, 2, 3, 0, 2], 'XIII': [0, 0, 0, 6, 3, 3, 6, 1, 2, 3], 'XIV': [20, 30, 26, 14, 16, 13, 16, 29, 18, 21], 'XVI': [2, 4, 2, 5, 2, 5, 0, 5, 4, 3], 'XVII': [0, 0, 1, 4, 1, 1, 3, 6, 1, 2], 'XVIII': [23, 12, 23, 18, 14, 13, 15, 12, 21, 22], 'XX': [102, 80, 75, 104, 108, 88, 99, 103, 94, 114]}
'Èeský Krumlov';{'I': [1, 5, 3, 4, 3, 1, 5, 6, 8, 12], 'II': [161, 139, 135, 154, 162, 157, 135, 134, 158, 152], 'III': [1, 0, 0, 1, 0, 1, 1, 0, 0, 3], 'IV': [13, 17, 24, 31, 22, 18, 39, 13, 29, 28], 'V': [1, 2, 1, 0, 0, 1, 9, 8, 2, 5], 'VI': [6, 13, 5, 3, 3, 1, 12, 8, 10, 14], 'IX': [255, 233, 255, 244, 303, 268, 262, 236, 236, 265], 'X': [29, 18, 35, 28, 38, 35, 26, 33, 51, 33], 'XI': [27, 32, 25, 19, 21, 20, 20, 29, 25, 21], 'XII': [0, 1, 1, 2, 0, 0, 5, 1, 1, 1], 'XIII': [2, 0, 0, 0, 2, 0, 2, 3, 1, 0], 'XIV': [11, 8, 9, 5, 8, 7, 4, 9, 6, 7], 'XVI': [0, 0, 0, 3, 1, 1, 0, 1, 0, 0], 'XVII': [1, 0, 0, 0, 0, 0, 0, 0, 0, 1], 'XVIII': [10, 4, 9, 5, 3, 7, 7, 3, 8, 7], 'XX': [43, 38, 38, 34, 36, 40, 44, 35, 40, 41]}
'Šumperk';{'I': [0, 4, 1, 8, 5, 1, 6, 12, 3, 13], 'II': [306, 319, 293, 270, 318, 327, 312, 323, 329, 305], 'III': [0, 1, 4, 1, 1, 4, 1, 2, 1, 3], 'IV': [9, 19, 19, 12, 10, 19, 20, 25, 33, 28], 'V': [2, 2, 5, 4, 6, 8, 2, 13, 4, 9], 'VI': [15, 30, 11, 16, 14, 26, 34, 35, 27, 13], 'IX': [663, 634, 738, 637, 661, 702, 685, 707, 717, 612], 'X': [66, 52, 50, 51, 51, 61, 44, 44, 66, 74], 'XI': [66, 49, 68, 49, 62, 53, 64, 60, 68, 55], 'XII': [0, 0, 0, 2, 1, 0, 1, 0, 0, 1], 'XIII': [1, 0, 1, 0, 0, 1, 0, 0, 2, 3], 'XIV': [7, 11, 14, 7, 8, 16, 9, 6, 11, 16], 'XVI': [1, 7, 1, 4, 4, 1, 4, 2, 4, 2], 'XVII': [1, 1, 2, 3, 3, 1, 3, 1, 5, 3], 'XVIII': [3, 4, 12, 19, 14, 28, 12, 17, 30, 23], 'XX': [81, 93, 82, 85, 80, 72, 70, 77, 77, 71]}
'Žïár nad Sázavou';{'I': [1, 3, 3, 4, 6, 9, 10, 21, 12, 20], 'II': [295, 240, 274, 276, 261, 255, 302, 279, 272, 269], 'III': [0, 0, 1, 3, 0, 1, 2, 1, 1, 3], 'IV': [9, 7, 21, 17, 33, 31, 38, 19, 42, 23], 'V': [2, 0, 1, 1, 2, 2, 2, 5, 2, 5], 'VI': [22, 18, 13, 14, 3, 3, 20, 24, 23, 22], 'IX': [656, 623, 555, 570, 629, 648, 569, 628, 536, 567], 'X': [56, 46, 56, 64, 73, 56, 63, 48, 49, 71], 'XI': [38, 29, 41, 45, 42, 40, 29, 29, 52, 33], 'XII': [0, 0, 0, 0, 0, 1, 0, 2, 0, 3], 'XIII': [0, 0, 0, 1, 0, 1, 0, 4, 4, 3], 'XIV': [14, 8, 5, 18, 10, 20, 11, 12, 6, 12], 'XVI': [1, 5, 1, 2, 3, 0, 1, 2, 1, 4], 'XVII': [2, 1, 0, 1, 2, 1, 0, 1, 1, 3], 'XVIII': [3, 2, 4, 7, 7, 8, 14, 12, 8, 10], 'XX': [67, 53, 54, 60, 56, 69, 57, 49, 56, 42]}
